match_id,bookmaker,open,close,direction,change,date,slot,home,away,winner,home_score,away_score
jmhDPgJF,1xBet,2.11,2.1,0,-0.01,10 Apr 2026,1,KT Wiz Suwon,Doosan Bears,Doosan Bears,7,8
jmhDPgJF,22Bet,2.06,2.05,0,-0.01,10 Apr 2026,1,KT Wiz Suwon,Doosan Bears,Doosan Bears,7,8
jmhDPgJF,BetInAsia,2.09,2.06,0,-0.03,10 Apr 2026,1,KT Wiz Suwon,Doosan Bears,Doosan Bears,7,8
jmhDPgJF,Cloudbet,2.07,2.04,0,-0.03,10 Apr 2026,1,KT Wiz Suwon,Doosan Bears,Doosan Bears,7,8
jmhDPgJF,Kobet,2.0,2.63,1,+0.63,10 Apr 2026,1,KT Wiz Suwon,Doosan Bears,Doosan Bears,7,8
jmhDPgJF,Melbet,2.06,2.05,0,-0.01,10 Apr 2026,1,KT Wiz Suwon,Doosan Bears,Doosan Bears,7,8
jmhDPgJF,Roobet,1.78,2.06,1,+0.28,10 Apr 2026,1,KT Wiz Suwon,Doosan Bears,Doosan Bears,7,8
jmhDPgJF,Stake.com,2.08,2.1,1,+0.02,10 Apr 2026,1,KT Wiz Suwon,Doosan Bears,Doosan Bears,7,8
jmhDPgJF,bwin,2.05,2.1,1,+0.05,10 Apr 2026,1,KT Wiz Suwon,Doosan Bears,Doosan Bears,7,8
MySiIBBk,10x10bet,1.91,1.85,0,-0.06,10 Apr 2026,2,Hanwha Eagles,KIA Tigers,KIA Tigers,5,6
MySiIBBk,1xBet,1.93,1.86,0,-0.07,10 Apr 2026,2,Hanwha Eagles,KIA Tigers,KIA Tigers,5,6
MySiIBBk,22Bet,1.88,1.81,0,-0.07,10 Apr 2026,2,Hanwha Eagles,KIA Tigers,KIA Tigers,5,6
MySiIBBk,Alphabet,1.91,1.85,0,-0.06,10 Apr 2026,2,Hanwha Eagles,KIA Tigers,KIA Tigers,5,6
MySiIBBk,BetInAsia,1.9,1.81,0,-0.09,10 Apr 2026,2,Hanwha Eagles,KIA Tigers,KIA Tigers,5,6
MySiIBBk,Bets.io,1.83,1.77,0,-0.06,10 Apr 2026,2,Hanwha Eagles,KIA Tigers,KIA Tigers,5,6
MySiIBBk,Cloudbet,1.88,1.79,0,-0.09,10 Apr 2026,2,Hanwha Eagles,KIA Tigers,KIA Tigers,5,6
MySiIBBk,GambleCity,1.86,1.8,0,-0.06,10 Apr 2026,2,Hanwha Eagles,KIA Tigers,KIA Tigers,5,6
MySiIBBk,Kobet,1.82,1.75,0,-0.07,10 Apr 2026,2,Hanwha Eagles,KIA Tigers,KIA Tigers,5,6
MySiIBBk,Melbet,1.88,1.81,0,-0.07,10 Apr 2026,2,Hanwha Eagles,KIA Tigers,KIA Tigers,5,6
MySiIBBk,Momobet,1.91,1.85,0,-0.06,10 Apr 2026,2,Hanwha Eagles,KIA Tigers,KIA Tigers,5,6
MySiIBBk,Stake.com,1.86,1.83,0,-0.03,10 Apr 2026,2,Hanwha Eagles,KIA Tigers,KIA Tigers,5,6
MySiIBBk,VOBET,1.91,1.85,0,-0.06,10 Apr 2026,2,Hanwha Eagles,KIA Tigers,KIA Tigers,5,6
MySiIBBk,bwin,1.83,1.78,0,-0.05,10 Apr 2026,2,Hanwha Eagles,KIA Tigers,KIA Tigers,5,6
C2tMNXmS,10x10bet,1.9,2.13,1,+0.23,10 Apr 2026,3,Kiwoom Heroes,Lotte Giants,Lotte Giants,1,3
C2tMNXmS,1xBet,1.93,2.14,1,+0.21,10 Apr 2026,3,Kiwoom Heroes,Lotte Giants,Lotte Giants,1,3
C2tMNXmS,22Bet,1.88,2.09,1,+0.21,10 Apr 2026,3,Kiwoom Heroes,Lotte Giants,Lotte Giants,1,3
C2tMNXmS,Alphabet,1.83,2.13,1,+0.30,10 Apr 2026,3,Kiwoom Heroes,Lotte Giants,Lotte Giants,1,3
C2tMNXmS,BetInAsia,1.91,2.15,1,+0.24,10 Apr 2026,3,Kiwoom Heroes,Lotte Giants,Lotte Giants,1,3
C2tMNXmS,Bets.io,1.83,2.04,1,+0.21,10 Apr 2026,3,Kiwoom Heroes,Lotte Giants,Lotte Giants,1,3
C2tMNXmS,Cloudbet,1.89,2.12,1,+0.23,10 Apr 2026,3,Kiwoom Heroes,Lotte Giants,Lotte Giants,1,3
C2tMNXmS,GambleCity,1.83,2.05,1,+0.22,10 Apr 2026,3,Kiwoom Heroes,Lotte Giants,Lotte Giants,1,3
C2tMNXmS,Kobet,1.84,2.02,1,+0.18,10 Apr 2026,3,Kiwoom Heroes,Lotte Giants,Lotte Giants,1,3
C2tMNXmS,Melbet,1.88,2.09,1,+0.21,10 Apr 2026,3,Kiwoom Heroes,Lotte Giants,Lotte Giants,1,3
C2tMNXmS,Momobet,1.9,2.13,1,+0.23,10 Apr 2026,3,Kiwoom Heroes,Lotte Giants,Lotte Giants,1,3
C2tMNXmS,Roobet,1.86,1.92,1,+0.06,10 Apr 2026,3,Kiwoom Heroes,Lotte Giants,Lotte Giants,1,3
C2tMNXmS,Stake.com,1.88,2.11,1,+0.23,10 Apr 2026,3,Kiwoom Heroes,Lotte Giants,Lotte Giants,1,3
C2tMNXmS,VOBET,1.92,2.13,1,+0.21,10 Apr 2026,3,Kiwoom Heroes,Lotte Giants,Lotte Giants,1,3
C2tMNXmS,bwin,1.87,2.0,1,+0.13,10 Apr 2026,3,Kiwoom Heroes,Lotte Giants,Lotte Giants,1,3
SE6I3Cdd,10x10bet,1.74,1.81,1,+0.07,10 Apr 2026,4,LG Twins,SSG Landers,LG Twins,10,2
SE6I3Cdd,1xBet,1.76,1.82,1,+0.06,10 Apr 2026,4,LG Twins,SSG Landers,LG Twins,10,2
SE6I3Cdd,22Bet,1.72,1.78,1,+0.06,10 Apr 2026,4,LG Twins,SSG Landers,LG Twins,10,2
SE6I3Cdd,Alphabet,1.74,1.81,1,+0.07,10 Apr 2026,4,LG Twins,SSG Landers,LG Twins,10,2
SE6I3Cdd,BetInAsia,1.73,1.84,1,+0.11,10 Apr 2026,4,LG Twins,SSG Landers,LG Twins,10,2
SE6I3Cdd,Bets.io,1.67,1.73,1,+0.06,10 Apr 2026,4,LG Twins,SSG Landers,LG Twins,10,2
SE6I3Cdd,Cloudbet,1.71,1.82,1,+0.11,10 Apr 2026,4,LG Twins,SSG Landers,LG Twins,10,2
SE6I3Cdd,GambleCity,1.69,1.76,1,+0.07,10 Apr 2026,4,LG Twins,SSG Landers,LG Twins,10,2
SE6I3Cdd,Kobet,1.68,1.72,1,+0.04,10 Apr 2026,4,LG Twins,SSG Landers,LG Twins,10,2
SE6I3Cdd,Melbet,1.72,1.78,1,+0.06,10 Apr 2026,4,LG Twins,SSG Landers,LG Twins,10,2
SE6I3Cdd,Momobet,1.74,1.81,1,+0.07,10 Apr 2026,4,LG Twins,SSG Landers,LG Twins,10,2
SE6I3Cdd,Roobet,1.69,1.73,1,+0.04,10 Apr 2026,4,LG Twins,SSG Landers,LG Twins,10,2
SE6I3Cdd,Stake.com,1.72,1.78,1,+0.06,10 Apr 2026,4,LG Twins,SSG Landers,LG Twins,10,2
SE6I3Cdd,VOBET,1.74,1.81,1,+0.07,10 Apr 2026,4,LG Twins,SSG Landers,LG Twins,10,2
rNl5RFl3,10x10bet,1.77,1.72,0,-0.05,10 Apr 2026,5,Samsung Lions,NC Dinos,Samsung Lions,8,5
rNl5RFl3,1xBet,1.78,1.71,0,-0.07,10 Apr 2026,5,Samsung Lions,NC Dinos,Samsung Lions,8,5
rNl5RFl3,22Bet,1.74,1.66,0,-0.08,10 Apr 2026,5,Samsung Lions,NC Dinos,Samsung Lions,8,5
rNl5RFl3,Alphabet,1.77,1.72,0,-0.05,10 Apr 2026,5,Samsung Lions,NC Dinos,Samsung Lions,8,5
rNl5RFl3,BetInAsia,1.75,1.67,0,-0.08,10 Apr 2026,5,Samsung Lions,NC Dinos,Samsung Lions,8,5
rNl5RFl3,Bets.io,1.69,1.65,0,-0.04,10 Apr 2026,5,Samsung Lions,NC Dinos,Samsung Lions,8,5
rNl5RFl3,Cloudbet,1.73,1.66,0,-0.07,10 Apr 2026,5,Samsung Lions,NC Dinos,Samsung Lions,8,5
rNl5RFl3,GambleCity,1.72,1.67,0,-0.05,10 Apr 2026,5,Samsung Lions,NC Dinos,Samsung Lions,8,5
rNl5RFl3,Kobet,1.7,1.64,0,-0.06,10 Apr 2026,5,Samsung Lions,NC Dinos,Samsung Lions,8,5
rNl5RFl3,Stake.com,1.73,1.69,0,-0.04,10 Apr 2026,5,Samsung Lions,NC Dinos,Samsung Lions,8,5
rNl5RFl3,VOBET,1.77,1.72,0,-0.05,10 Apr 2026,5,Samsung Lions,NC Dinos,Samsung Lions,8,5
6P1exX2L,10x10bet,2.33,2.12,0,-0.21,11 Apr 2026,1,KT Wiz Suwon,Doosan Bears,KT Wiz Suwon,6,4
6P1exX2L,1xBet,2.35,2.04,0,-0.31,11 Apr 2026,1,KT Wiz Suwon,Doosan Bears,KT Wiz Suwon,6,4
6P1exX2L,22Bet,2.29,1.99,0,-0.30,11 Apr 2026,1,KT Wiz Suwon,Doosan Bears,KT Wiz Suwon,6,4
6P1exX2L,Alphabet,2.33,2.12,0,-0.21,11 Apr 2026,1,KT Wiz Suwon,Doosan Bears,KT Wiz Suwon,6,4
6P1exX2L,BetInAsia,2.35,2.0,0,-0.35,11 Apr 2026,1,KT Wiz Suwon,Doosan Bears,KT Wiz Suwon,6,4
6P1exX2L,Bets.io,2.22,2.01,0,-0.21,11 Apr 2026,1,KT Wiz Suwon,Doosan Bears,KT Wiz Suwon,6,4
6P1exX2L,Cloudbet,2.32,1.98,0,-0.34,11 Apr 2026,1,KT Wiz Suwon,Doosan Bears,KT Wiz Suwon,6,4
6P1exX2L,GambleCity,2.23,2.05,0,-0.18,11 Apr 2026,1,KT Wiz Suwon,Doosan Bears,KT Wiz Suwon,6,4
6P1exX2L,Kobet,2.25,1.98,0,-0.27,11 Apr 2026,1,KT Wiz Suwon,Doosan Bears,KT Wiz Suwon,6,4
6P1exX2L,Melbet,2.29,1.99,0,-0.30,11 Apr 2026,1,KT Wiz Suwon,Doosan Bears,KT Wiz Suwon,6,4
6P1exX2L,Momobet,2.33,2.12,0,-0.21,11 Apr 2026,1,KT Wiz Suwon,Doosan Bears,KT Wiz Suwon,6,4
6P1exX2L,Roobet,2.3,2.14,0,-0.16,11 Apr 2026,1,KT Wiz Suwon,Doosan Bears,KT Wiz Suwon,6,4
6P1exX2L,Stake.com,2.24,2.05,0,-0.19,11 Apr 2026,1,KT Wiz Suwon,Doosan Bears,KT Wiz Suwon,6,4
6P1exX2L,VOBET,2.33,2.12,0,-0.21,11 Apr 2026,1,KT Wiz Suwon,Doosan Bears,KT Wiz Suwon,6,4
Mk7QWAQr,10x10bet,1.77,1.69,0,-0.08,11 Apr 2026,2,Kiwoom Heroes,Lotte Giants,Lotte Giants,1,3
Mk7QWAQr,1xBet,1.82,1.69,0,-0.13,11 Apr 2026,2,Kiwoom Heroes,Lotte Giants,Lotte Giants,1,3
Mk7QWAQr,22Bet,1.78,1.65,0,-0.13,11 Apr 2026,2,Kiwoom Heroes,Lotte Giants,Lotte Giants,1,3
Mk7QWAQr,Alphabet,1.72,1.69,0,-0.03,11 Apr 2026,2,Kiwoom Heroes,Lotte Giants,Lotte Giants,1,3
Mk7QWAQr,BetInAsia,1.79,1.67,0,-0.12,11 Apr 2026,2,Kiwoom Heroes,Lotte Giants,Lotte Giants,1,3
Mk7QWAQr,Bets.io,1.72,1.62,0,-0.10,11 Apr 2026,2,Kiwoom Heroes,Lotte Giants,Lotte Giants,1,3
Mk7QWAQr,Cloudbet,1.77,1.65,0,-0.12,11 Apr 2026,2,Kiwoom Heroes,Lotte Giants,Lotte Giants,1,3
Mk7QWAQr,GambleCity,1.72,1.65,0,-0.07,11 Apr 2026,2,Kiwoom Heroes,Lotte Giants,Lotte Giants,1,3
Mk7QWAQr,Kobet,1.72,1.62,0,-0.10,11 Apr 2026,2,Kiwoom Heroes,Lotte Giants,Lotte Giants,1,3
Mk7QWAQr,Melbet,1.78,1.65,0,-0.13,11 Apr 2026,2,Kiwoom Heroes,Lotte Giants,Lotte Giants,1,3
Mk7QWAQr,Momobet,1.77,1.69,0,-0.08,11 Apr 2026,2,Kiwoom Heroes,Lotte Giants,Lotte Giants,1,3
Mk7QWAQr,Roobet,1.74,1.7,0,-0.04,11 Apr 2026,2,Kiwoom Heroes,Lotte Giants,Lotte Giants,1,3
Mk7QWAQr,Stake.com,1.76,1.66,0,-0.10,11 Apr 2026,2,Kiwoom Heroes,Lotte Giants,Lotte Giants,1,3
Mk7QWAQr,VOBET,1.79,1.69,0,-0.10,11 Apr 2026,2,Kiwoom Heroes,Lotte Giants,Lotte Giants,1,3
Mk7QWAQr,bwin,1.75,1.72,0,-0.03,11 Apr 2026,2,Kiwoom Heroes,Lotte Giants,Lotte Giants,1,3
I3L0Gkt2,10x10bet,1.52,1.59,1,+0.07,11 Apr 2026,3,LG Twins,SSG Landers,LG Twins,4,3
I3L0Gkt2,22Bet,1.53,1.57,1,+0.04,11 Apr 2026,3,LG Twins,SSG Landers,LG Twins,4,3
I3L0Gkt2,Alphabet,1.52,1.59,1,+0.07,11 Apr 2026,3,LG Twins,SSG Landers,LG Twins,4,3
I3L0Gkt2,BetInAsia,1.53,1.59,1,+0.06,11 Apr 2026,3,LG Twins,SSG Landers,LG Twins,4,3
I3L0Gkt2,Bets.io,1.47,1.51,1,+0.04,11 Apr 2026,3,LG Twins,SSG Landers,LG Twins,4,3
I3L0Gkt2,Cloudbet,1.51,1.57,1,+0.06,11 Apr 2026,3,LG Twins,SSG Landers,LG Twins,4,3
I3L0Gkt2,GambleCity,1.48,1.55,1,+0.07,11 Apr 2026,3,LG Twins,SSG Landers,LG Twins,4,3
I3L0Gkt2,Kobet,1.49,1.45,0,-0.04,11 Apr 2026,3,LG Twins,SSG Landers,LG Twins,4,3
I3L0Gkt2,Melbet,1.53,1.57,1,+0.04,11 Apr 2026,3,LG Twins,SSG Landers,LG Twins,4,3
I3L0Gkt2,Momobet,1.52,1.57,1,+0.05,11 Apr 2026,3,LG Twins,SSG Landers,LG Twins,4,3
I3L0Gkt2,Roobet,1.5,1.49,0,-0.01,11 Apr 2026,3,LG Twins,SSG Landers,LG Twins,4,3
I3L0Gkt2,Stake.com,1.51,1.57,1,+0.06,11 Apr 2026,3,LG Twins,SSG Landers,LG Twins,4,3
I3L0Gkt2,VOBET,1.53,1.59,1,+0.06,11 Apr 2026,3,LG Twins,SSG Landers,LG Twins,4,3
I3L0Gkt2,bwin,1.5,1.53,1,+0.03,11 Apr 2026,3,LG Twins,SSG Landers,LG Twins,4,3
Ac8nvgY8,10x10bet,1.86,1.78,0,-0.08,11 Apr 2026,4,Samsung Lions,NC Dinos,Samsung Lions,5,4
Ac8nvgY8,1xBet,1.86,1.76,0,-0.10,11 Apr 2026,4,Samsung Lions,NC Dinos,Samsung Lions,5,4
Ac8nvgY8,BetInAsia,1.93,1.75,0,-0.18,11 Apr 2026,4,Samsung Lions,NC Dinos,Samsung Lions,5,4
Ac8nvgY8,Bets.io,1.77,1.68,0,-0.09,11 Apr 2026,4,Samsung Lions,NC Dinos,Samsung Lions,5,4
Ac8nvgY8,Cloudbet,1.82,1.73,0,-0.09,11 Apr 2026,4,Samsung Lions,NC Dinos,Samsung Lions,5,4
Ac8nvgY8,GambleCity,1.8,1.72,0,-0.08,11 Apr 2026,4,Samsung Lions,NC Dinos,Samsung Lions,5,4
Ac8nvgY8,Kobet,1.78,1.77,0,-0.01,11 Apr 2026,4,Samsung Lions,NC Dinos,Samsung Lions,5,4
Ac8nvgY8,Melbet,1.82,1.71,0,-0.11,11 Apr 2026,4,Samsung Lions,NC Dinos,Samsung Lions,5,4
Ac8nvgY8,Momobet,1.86,1.76,0,-0.10,11 Apr 2026,4,Samsung Lions,NC Dinos,Samsung Lions,5,4
Ac8nvgY8,Stake.com,1.83,1.76,0,-0.07,11 Apr 2026,4,Samsung Lions,NC Dinos,Samsung Lions,5,4
Ac8nvgY8,VOBET,1.86,1.78,0,-0.08,11 Apr 2026,4,Samsung Lions,NC Dinos,Samsung Lions,5,4
Ac8nvgY8,bwin,1.8,1.67,0,-0.13,11 Apr 2026,4,Samsung Lions,NC Dinos,Samsung Lions,5,4
r5eZUlee,10x10bet,1.91,2.09,1,+0.18,11 Apr 2026,5,Hanwha Eagles,KIA Tigers,KIA Tigers,5,6
r5eZUlee,1xBet,1.93,2.1,1,+0.17,11 Apr 2026,5,Hanwha Eagles,KIA Tigers,KIA Tigers,5,6
r5eZUlee,22Bet,1.88,2.05,1,+0.17,11 Apr 2026,5,Hanwha Eagles,KIA Tigers,KIA Tigers,5,6
r5eZUlee,Alphabet,1.91,2.09,1,+0.18,11 Apr 2026,5,Hanwha Eagles,KIA Tigers,KIA Tigers,5,6
r5eZUlee,BetInAsia,1.9,2.12,1,+0.22,11 Apr 2026,5,Hanwha Eagles,KIA Tigers,KIA Tigers,5,6
r5eZUlee,Bets.io,1.82,1.97,1,+0.15,11 Apr 2026,5,Hanwha Eagles,KIA Tigers,KIA Tigers,5,6
r5eZUlee,Cloudbet,1.88,2.09,1,+0.21,11 Apr 2026,5,Hanwha Eagles,KIA Tigers,KIA Tigers,5,6
r5eZUlee,GambleCity,1.85,2.01,1,+0.16,11 Apr 2026,5,Hanwha Eagles,KIA Tigers,KIA Tigers,5,6
r5eZUlee,Melbet,1.88,2.05,1,+0.17,11 Apr 2026,5,Hanwha Eagles,KIA Tigers,KIA Tigers,5,6
r5eZUlee,Momobet,1.91,2.09,1,+0.18,11 Apr 2026,5,Hanwha Eagles,KIA Tigers,KIA Tigers,5,6
r5eZUlee,Roobet,1.85,2.02,1,+0.17,11 Apr 2026,5,Hanwha Eagles,KIA Tigers,KIA Tigers,5,6
r5eZUlee,Stake.com,2.04,2.08,1,+0.04,11 Apr 2026,5,Hanwha Eagles,KIA Tigers,KIA Tigers,5,6
r5eZUlee,VOBET,1.91,2.09,1,+0.18,11 Apr 2026,5,Hanwha Eagles,KIA Tigers,KIA Tigers,5,6
viuxkAnR,10x10bet,1.82,1.63,0,-0.19,12 Apr 2026,1,KT Wiz Suwon,Doosan Bears,KT Wiz Suwon,6,1
viuxkAnR,1xBet,1.85,1.63,0,-0.22,12 Apr 2026,1,KT Wiz Suwon,Doosan Bears,KT Wiz Suwon,6,1
viuxkAnR,22Bet,1.8,1.61,0,-0.19,12 Apr 2026,1,KT Wiz Suwon,Doosan Bears,KT Wiz Suwon,6,1
viuxkAnR,Alphabet,1.82,1.63,0,-0.19,12 Apr 2026,1,KT Wiz Suwon,Doosan Bears,KT Wiz Suwon,6,1
viuxkAnR,BetInAsia,2.06,1.59,0,-0.47,12 Apr 2026,1,KT Wiz Suwon,Doosan Bears,KT Wiz Suwon,6,1
viuxkAnR,Bets.io,1.73,1.57,0,-0.16,12 Apr 2026,1,KT Wiz Suwon,Doosan Bears,KT Wiz Suwon,6,1
viuxkAnR,Cloudbet,1.8,1.57,0,-0.23,12 Apr 2026,1,KT Wiz Suwon,Doosan Bears,KT Wiz Suwon,6,1
viuxkAnR,GambleCity,1.77,1.59,0,-0.18,12 Apr 2026,1,KT Wiz Suwon,Doosan Bears,KT Wiz Suwon,6,1
viuxkAnR,Kobet,1.74,1.59,0,-0.15,12 Apr 2026,1,KT Wiz Suwon,Doosan Bears,KT Wiz Suwon,6,1
viuxkAnR,Melbet,1.8,1.58,0,-0.22,12 Apr 2026,1,KT Wiz Suwon,Doosan Bears,KT Wiz Suwon,6,1
viuxkAnR,Momobet,1.82,1.63,0,-0.19,12 Apr 2026,1,KT Wiz Suwon,Doosan Bears,KT Wiz Suwon,6,1
viuxkAnR,Stake.com,1.8,1.62,0,-0.18,12 Apr 2026,1,KT Wiz Suwon,Doosan Bears,KT Wiz Suwon,6,1
viuxkAnR,VOBET,1.82,1.63,0,-0.19,12 Apr 2026,1,KT Wiz Suwon,Doosan Bears,KT Wiz Suwon,6,1
Uyn9sSv1,10x10bet,1.73,1.88,1,+0.15,12 Apr 2026,2,Hanwha Eagles,KIA Tigers,KIA Tigers,3,9
Uyn9sSv1,1xBet,1.7,1.87,1,+0.17,12 Apr 2026,2,Hanwha Eagles,KIA Tigers,KIA Tigers,3,9
Uyn9sSv1,22Bet,1.66,1.83,1,+0.17,12 Apr 2026,2,Hanwha Eagles,KIA Tigers,KIA Tigers,3,9
Uyn9sSv1,Alphabet,1.73,1.88,1,+0.15,12 Apr 2026,2,Hanwha Eagles,KIA Tigers,KIA Tigers,3,9
Uyn9sSv1,BetInAsia,1.74,1.85,1,+0.11,12 Apr 2026,2,Hanwha Eagles,KIA Tigers,KIA Tigers,3,9
Uyn9sSv1,Bets.io,1.67,1.8,1,+0.13,12 Apr 2026,2,Hanwha Eagles,KIA Tigers,KIA Tigers,3,9
Uyn9sSv1,Cloudbet,1.66,1.78,1,+0.12,12 Apr 2026,2,Hanwha Eagles,KIA Tigers,KIA Tigers,3,9
Uyn9sSv1,GambleCity,1.7,1.82,1,+0.12,12 Apr 2026,2,Hanwha Eagles,KIA Tigers,KIA Tigers,3,9
Uyn9sSv1,Kobet,1.68,1.75,1,+0.07,12 Apr 2026,2,Hanwha Eagles,KIA Tigers,KIA Tigers,3,9
Uyn9sSv1,Melbet,1.66,1.83,1,+0.17,12 Apr 2026,2,Hanwha Eagles,KIA Tigers,KIA Tigers,3,9
Uyn9sSv1,Momobet,1.73,1.88,1,+0.15,12 Apr 2026,2,Hanwha Eagles,KIA Tigers,KIA Tigers,3,9
Uyn9sSv1,Roobet,1.69,1.68,0,-0.01,12 Apr 2026,2,Hanwha Eagles,KIA Tigers,KIA Tigers,3,9
Uyn9sSv1,Stake.com,1.7,1.87,1,+0.17,12 Apr 2026,2,Hanwha Eagles,KIA Tigers,KIA Tigers,3,9
Uyn9sSv1,VOBET,1.73,1.88,1,+0.15,12 Apr 2026,2,Hanwha Eagles,KIA Tigers,KIA Tigers,3,9
Uyn9sSv1,bwin,1.78,1.85,1,+0.07,12 Apr 2026,2,Hanwha Eagles,KIA Tigers,KIA Tigers,3,9
MBr1qlAl,10x10bet,1.88,1.93,1,+0.05,12 Apr 2026,3,Kiwoom Heroes,Lotte Giants,Kiwoom Heroes,2,0
MBr1qlAl,1xBet,1.78,1.94,1,+0.16,12 Apr 2026,3,Kiwoom Heroes,Lotte Giants,Kiwoom Heroes,2,0
MBr1qlAl,22Bet,1.74,1.89,1,+0.15,12 Apr 2026,3,Kiwoom Heroes,Lotte Giants,Kiwoom Heroes,2,0
MBr1qlAl,Alphabet,1.88,1.93,1,+0.05,12 Apr 2026,3,Kiwoom Heroes,Lotte Giants,Kiwoom Heroes,2,0
MBr1qlAl,BetInAsia,1.74,1.93,1,+0.19,12 Apr 2026,3,Kiwoom Heroes,Lotte Giants,Kiwoom Heroes,2,0
MBr1qlAl,Bets.io,1.8,1.85,1,+0.05,12 Apr 2026,3,Kiwoom Heroes,Lotte Giants,Kiwoom Heroes,2,0
MBr1qlAl,Cloudbet,1.88,1.91,1,+0.03,12 Apr 2026,3,Kiwoom Heroes,Lotte Giants,Kiwoom Heroes,2,0
MBr1qlAl,GambleCity,1.82,1.88,1,+0.06,12 Apr 2026,3,Kiwoom Heroes,Lotte Giants,Kiwoom Heroes,2,0
MBr1qlAl,Kobet,1.8,1.92,1,+0.12,12 Apr 2026,3,Kiwoom Heroes,Lotte Giants,Kiwoom Heroes,2,0
MBr1qlAl,Melbet,1.74,1.89,1,+0.15,12 Apr 2026,3,Kiwoom Heroes,Lotte Giants,Kiwoom Heroes,2,0
MBr1qlAl,Momobet,1.88,1.93,1,+0.05,12 Apr 2026,3,Kiwoom Heroes,Lotte Giants,Kiwoom Heroes,2,0
MBr1qlAl,Roobet,1.83,1.84,1,+0.01,12 Apr 2026,3,Kiwoom Heroes,Lotte Giants,Kiwoom Heroes,2,0
MBr1qlAl,Stake.com,1.86,1.93,1,+0.07,12 Apr 2026,3,Kiwoom Heroes,Lotte Giants,Kiwoom Heroes,2,0
MBr1qlAl,VOBET,1.88,1.93,1,+0.05,12 Apr 2026,3,Kiwoom Heroes,Lotte Giants,Kiwoom Heroes,2,0
MBr1qlAl,bwin,1.9,1.85,0,-0.05,12 Apr 2026,3,Kiwoom Heroes,Lotte Giants,Kiwoom Heroes,2,0
jVbsTSP7,10x10bet,1.6,1.64,1,+0.04,12 Apr 2026,4,LG Twins,SSG Landers,LG Twins,9,1
jVbsTSP7,1xBet,1.65,1.69,1,+0.04,12 Apr 2026,4,LG Twins,SSG Landers,LG Twins,9,1
jVbsTSP7,22Bet,1.61,1.65,1,+0.04,12 Apr 2026,4,LG Twins,SSG Landers,LG Twins,9,1
jVbsTSP7,Alphabet,1.6,1.64,1,+0.04,12 Apr 2026,4,LG Twins,SSG Landers,LG Twins,9,1
jVbsTSP7,BetInAsia,1.6,1.68,1,+0.08,12 Apr 2026,4,LG Twins,SSG Landers,LG Twins,9,1
jVbsTSP7,Bets.io,1.55,1.58,1,+0.03,12 Apr 2026,4,LG Twins,SSG Landers,LG Twins,9,1
jVbsTSP7,Cloudbet,1.55,1.66,1,+0.11,12 Apr 2026,4,LG Twins,SSG Landers,LG Twins,9,1
jVbsTSP7,GambleCity,1.55,1.6,1,+0.05,12 Apr 2026,4,LG Twins,SSG Landers,LG Twins,9,1
jVbsTSP7,Kobet,1.56,1.62,1,+0.06,12 Apr 2026,4,LG Twins,SSG Landers,LG Twins,9,1
jVbsTSP7,Melbet,1.61,1.65,1,+0.04,12 Apr 2026,4,LG Twins,SSG Landers,LG Twins,9,1
jVbsTSP7,Momobet,1.6,1.66,1,+0.06,12 Apr 2026,4,LG Twins,SSG Landers,LG Twins,9,1
jVbsTSP7,Roobet,1.57,1.55,0,-0.02,12 Apr 2026,4,LG Twins,SSG Landers,LG Twins,9,1
jVbsTSP7,Stake.com,1.57,1.67,1,+0.10,12 Apr 2026,4,LG Twins,SSG Landers,LG Twins,9,1
jVbsTSP7,VOBET,1.6,1.64,1,+0.04,12 Apr 2026,4,LG Twins,SSG Landers,LG Twins,9,1
jVbsTSP7,bwin,1.57,1.65,1,+0.08,12 Apr 2026,4,LG Twins,SSG Landers,LG Twins,9,1
6wsUjWHE,10x10bet,1.62,1.52,0,-0.10,12 Apr 2026,5,Samsung Lions,NC Dinos,Samsung Lions,9,3
6wsUjWHE,22Bet,1.62,1.51,0,-0.11,12 Apr 2026,5,Samsung Lions,NC Dinos,Samsung Lions,9,3
6wsUjWHE,Alphabet,1.62,1.52,0,-0.10,12 Apr 2026,5,Samsung Lions,NC Dinos,Samsung Lions,9,3
6wsUjWHE,Bets.io,1.57,1.47,0,-0.10,12 Apr 2026,5,Samsung Lions,NC Dinos,Samsung Lions,9,3
6wsUjWHE,Cloudbet,1.61,1.49,0,-0.12,12 Apr 2026,5,Samsung Lions,NC Dinos,Samsung Lions,9,3
6wsUjWHE,GambleCity,1.58,1.48,0,-0.10,12 Apr 2026,5,Samsung Lions,NC Dinos,Samsung Lions,9,3
6wsUjWHE,Kobet,1.58,1.48,0,-0.10,12 Apr 2026,5,Samsung Lions,NC Dinos,Samsung Lions,9,3
6wsUjWHE,Melbet,1.62,1.51,0,-0.11,12 Apr 2026,5,Samsung Lions,NC Dinos,Samsung Lions,9,3
6wsUjWHE,Momobet,1.62,1.52,0,-0.10,12 Apr 2026,5,Samsung Lions,NC Dinos,Samsung Lions,9,3
6wsUjWHE,Roobet,1.59,1.57,0,-0.02,12 Apr 2026,5,Samsung Lions,NC Dinos,Samsung Lions,9,3
6wsUjWHE,Stake.com,1.59,1.51,0,-0.08,12 Apr 2026,5,Samsung Lions,NC Dinos,Samsung Lions,9,3
6wsUjWHE,VOBET,1.62,1.52,0,-0.10,12 Apr 2026,5,Samsung Lions,NC Dinos,Samsung Lions,9,3
6wsUjWHE,bwin,1.6,1.57,0,-0.03,12 Apr 2026,5,Samsung Lions,NC Dinos,Samsung Lions,9,3
IcS3391K,10x10bet,2.2,2.28,1,+0.08,14 Apr 2026,1,SSG Landers,Doosan Bears,Doosan Bears,3,11
IcS3391K,1xBet,2.22,2.42,1,+0.20,14 Apr 2026,1,SSG Landers,Doosan Bears,Doosan Bears,3,11
IcS3391K,22Bet,2.16,2.35,1,+0.19,14 Apr 2026,1,SSG Landers,Doosan Bears,Doosan Bears,3,11
IcS3391K,Alphabet,2.2,2.28,1,+0.08,14 Apr 2026,1,SSG Landers,Doosan Bears,Doosan Bears,3,11
IcS3391K,BetInAsia,2.22,2.44,1,+0.22,14 Apr 2026,1,SSG Landers,Doosan Bears,Doosan Bears,3,11
IcS3391K,Bets.io,2.07,2.17,1,+0.10,14 Apr 2026,1,SSG Landers,Doosan Bears,Doosan Bears,3,11
IcS3391K,Cloudbet,2.19,2.41,1,+0.22,14 Apr 2026,1,SSG Landers,Doosan Bears,Doosan Bears,3,11
IcS3391K,GambleCity,2.13,2.22,1,+0.09,14 Apr 2026,1,SSG Landers,Doosan Bears,Doosan Bears,3,11
IcS3391K,Kobet,2.18,2.25,1,+0.07,14 Apr 2026,1,SSG Landers,Doosan Bears,Doosan Bears,3,11
IcS3391K,Melbet,2.16,2.35,1,+0.19,14 Apr 2026,1,SSG Landers,Doosan Bears,Doosan Bears,3,11
IcS3391K,Momobet,2.2,2.28,1,+0.08,14 Apr 2026,1,SSG Landers,Doosan Bears,Doosan Bears,3,11
IcS3391K,Roobet,2.16,2.22,1,+0.06,14 Apr 2026,1,SSG Landers,Doosan Bears,Doosan Bears,3,11
IcS3391K,Stake.com,2.17,2.35,1,+0.18,14 Apr 2026,1,SSG Landers,Doosan Bears,Doosan Bears,3,11
IcS3391K,VOBET,2.2,2.28,1,+0.08,14 Apr 2026,1,SSG Landers,Doosan Bears,Doosan Bears,3,11
IcS3391K,bwin,2.15,2.1,0,-0.05,14 Apr 2026,1,SSG Landers,Doosan Bears,Doosan Bears,3,11
4f0if5O6,10x10bet,1.85,1.92,1,+0.07,14 Apr 2026,2,Hanwha Eagles,Samsung Lions,Samsung Lions,5,6
4f0if5O6,1xBet,1.88,1.95,1,+0.07,14 Apr 2026,2,Hanwha Eagles,Samsung Lions,Samsung Lions,5,6
4f0if5O6,22Bet,1.83,1.9,1,+0.07,14 Apr 2026,2,Hanwha Eagles,Samsung Lions,Samsung Lions,5,6
4f0if5O6,Alphabet,1.85,1.92,1,+0.07,14 Apr 2026,2,Hanwha Eagles,Samsung Lions,Samsung Lions,5,6
4f0if5O6,BetInAsia,1.85,1.91,1,+0.06,14 Apr 2026,2,Hanwha Eagles,Samsung Lions,Samsung Lions,5,6
4f0if5O6,Bets.io,1.77,1.84,1,+0.07,14 Apr 2026,2,Hanwha Eagles,Samsung Lions,Samsung Lions,5,6
4f0if5O6,Cloudbet,1.83,1.94,1,+0.11,14 Apr 2026,2,Hanwha Eagles,Samsung Lions,Samsung Lions,5,6
4f0if5O6,GambleCity,1.8,1.87,1,+0.07,14 Apr 2026,2,Hanwha Eagles,Samsung Lions,Samsung Lions,5,6
4f0if5O6,Kobet,1.83,1.87,1,+0.04,14 Apr 2026,2,Hanwha Eagles,Samsung Lions,Samsung Lions,5,6
4f0if5O6,Melbet,1.83,1.9,1,+0.07,14 Apr 2026,2,Hanwha Eagles,Samsung Lions,Samsung Lions,5,6
4f0if5O6,Momobet,1.85,1.92,1,+0.07,14 Apr 2026,2,Hanwha Eagles,Samsung Lions,Samsung Lions,5,6
4f0if5O6,Roobet,1.81,1.84,1,+0.03,14 Apr 2026,2,Hanwha Eagles,Samsung Lions,Samsung Lions,5,6
4f0if5O6,VOBET,1.85,1.92,1,+0.07,14 Apr 2026,2,Hanwha Eagles,Samsung Lions,Samsung Lions,5,6
8S6rdRgf,1xBet,1.65,1.58,0,-0.07,14 Apr 2026,3,KIA Tigers,Kiwoom Heroes,KIA Tigers,6,2
8S6rdRgf,22Bet,1.61,1.54,0,-0.07,14 Apr 2026,3,KIA Tigers,Kiwoom Heroes,KIA Tigers,6,2
8S6rdRgf,BetInAsia,1.61,1.54,0,-0.07,14 Apr 2026,3,KIA Tigers,Kiwoom Heroes,KIA Tigers,6,2
8S6rdRgf,Bets.io,1.55,1.52,0,-0.03,14 Apr 2026,3,KIA Tigers,Kiwoom Heroes,KIA Tigers,6,2
8S6rdRgf,Cloudbet,1.59,1.52,0,-0.07,14 Apr 2026,3,KIA Tigers,Kiwoom Heroes,KIA Tigers,6,2
8S6rdRgf,GambleCity,1.56,1.54,0,-0.02,14 Apr 2026,3,KIA Tigers,Kiwoom Heroes,KIA Tigers,6,2
8S6rdRgf,Kobet,1.58,1.48,0,-0.10,14 Apr 2026,3,KIA Tigers,Kiwoom Heroes,KIA Tigers,6,2
8S6rdRgf,Melbet,1.61,1.54,0,-0.07,14 Apr 2026,3,KIA Tigers,Kiwoom Heroes,KIA Tigers,6,2
8S6rdRgf,Roobet,1.57,1.55,0,-0.02,14 Apr 2026,3,KIA Tigers,Kiwoom Heroes,KIA Tigers,6,2
8S6rdRgf,Stake.com,1.6,1.56,0,-0.04,14 Apr 2026,3,KIA Tigers,Kiwoom Heroes,KIA Tigers,6,2
8S6rdRgf,bwin,1.57,1.6,1,+0.03,14 Apr 2026,3,KIA Tigers,Kiwoom Heroes,KIA Tigers,6,2
zF8zbmPs,10x10bet,1.91,1.95,1,+0.04,14 Apr 2026,4,NC Dinos,KT Wiz Suwon,NC Dinos,7,4
zF8zbmPs,1xBet,1.93,1.87,0,-0.06,14 Apr 2026,4,NC Dinos,KT Wiz Suwon,NC Dinos,7,4
zF8zbmPs,22Bet,1.88,1.83,0,-0.05,14 Apr 2026,4,NC Dinos,KT Wiz Suwon,NC Dinos,7,4
zF8zbmPs,Alphabet,1.91,1.95,1,+0.04,14 Apr 2026,4,NC Dinos,KT Wiz Suwon,NC Dinos,7,4
zF8zbmPs,BetInAsia,1.91,1.85,0,-0.06,14 Apr 2026,4,NC Dinos,KT Wiz Suwon,NC Dinos,7,4
zF8zbmPs,Bets.io,1.82,1.86,1,+0.04,14 Apr 2026,4,NC Dinos,KT Wiz Suwon,NC Dinos,7,4
zF8zbmPs,Cloudbet,1.89,1.83,0,-0.06,14 Apr 2026,4,NC Dinos,KT Wiz Suwon,NC Dinos,7,4
zF8zbmPs,GambleCity,1.85,1.89,1,+0.04,14 Apr 2026,4,NC Dinos,KT Wiz Suwon,NC Dinos,7,4
zF8zbmPs,Kobet,1.86,1.84,0,-0.02,14 Apr 2026,4,NC Dinos,KT Wiz Suwon,NC Dinos,7,4
zF8zbmPs,Melbet,1.88,1.83,0,-0.05,14 Apr 2026,4,NC Dinos,KT Wiz Suwon,NC Dinos,7,4
zF8zbmPs,Momobet,1.91,1.95,1,+0.04,14 Apr 2026,4,NC Dinos,KT Wiz Suwon,NC Dinos,7,4
zF8zbmPs,Roobet,1.86,1.84,0,-0.02,14 Apr 2026,4,NC Dinos,KT Wiz Suwon,NC Dinos,7,4
zF8zbmPs,VOBET,1.91,1.95,1,+0.04,14 Apr 2026,4,NC Dinos,KT Wiz Suwon,NC Dinos,7,4
zF8zbmPs,bwin,1.85,1.9,1,+0.05,14 Apr 2026,4,NC Dinos,KT Wiz Suwon,NC Dinos,7,4
jizIu69D,10x10bet,1.52,1.54,1,+0.02,14 Apr 2026,5,LG Twins,Lotte Giants,LG Twins,2,1
jizIu69D,1xBet,1.57,1.5,0,-0.07,14 Apr 2026,5,LG Twins,Lotte Giants,LG Twins,2,1
jizIu69D,22Bet,1.53,1.46,0,-0.07,14 Apr 2026,5,LG Twins,Lotte Giants,LG Twins,2,1
jizIu69D,Alphabet,1.52,1.54,1,+0.02,14 Apr 2026,5,LG Twins,Lotte Giants,LG Twins,2,1
jizIu69D,BetInAsia,1.53,1.46,0,-0.07,14 Apr 2026,5,LG Twins,Lotte Giants,LG Twins,2,1
jizIu69D,Bets.io,1.47,1.48,1,+0.01,14 Apr 2026,5,LG Twins,Lotte Giants,LG Twins,2,1
jizIu69D,Cloudbet,1.52,1.44,0,-0.08,14 Apr 2026,5,LG Twins,Lotte Giants,LG Twins,2,1
jizIu69D,Kobet,1.51,1.42,0,-0.09,14 Apr 2026,5,LG Twins,Lotte Giants,LG Twins,2,1
jizIu69D,Melbet,1.53,1.46,0,-0.07,14 Apr 2026,5,LG Twins,Lotte Giants,LG Twins,2,1
jizIu69D,Momobet,1.52,1.53,1,+0.01,14 Apr 2026,5,LG Twins,Lotte Giants,LG Twins,2,1
jizIu69D,Roobet,1.51,1.46,0,-0.05,14 Apr 2026,5,LG Twins,Lotte Giants,LG Twins,2,1
jizIu69D,Stake.com,1.54,1.47,0,-0.07,14 Apr 2026,5,LG Twins,Lotte Giants,LG Twins,2,1
jizIu69D,VOBET,1.52,1.53,1,+0.01,14 Apr 2026,5,LG Twins,Lotte Giants,LG Twins,2,1
jk5Ba00n,10x10bet,1.84,1.72,0,-0.12,15 Apr 2026,1,SSG Landers,Doosan Bears,SSG Landers,6,0
jk5Ba00n,1xBet,1.86,1.72,0,-0.14,15 Apr 2026,1,SSG Landers,Doosan Bears,SSG Landers,6,0
jk5Ba00n,22Bet,1.82,1.68,0,-0.14,15 Apr 2026,1,SSG Landers,Doosan Bears,SSG Landers,6,0
jk5Ba00n,Alphabet,1.84,1.72,0,-0.12,15 Apr 2026,1,SSG Landers,Doosan Bears,SSG Landers,6,0
jk5Ba00n,BetInAsia,1.84,1.68,0,-0.16,15 Apr 2026,1,SSG Landers,Doosan Bears,SSG Landers,6,0
jk5Ba00n,Bets.io,1.75,1.64,0,-0.11,15 Apr 2026,1,SSG Landers,Doosan Bears,SSG Landers,6,0
jk5Ba00n,Cloudbet,1.82,1.66,0,-0.16,15 Apr 2026,1,SSG Landers,Doosan Bears,SSG Landers,6,0
jk5Ba00n,GambleCity,1.78,1.67,0,-0.11,15 Apr 2026,1,SSG Landers,Doosan Bears,SSG Landers,6,0
jk5Ba00n,Kobet,1.81,1.66,0,-0.15,15 Apr 2026,1,SSG Landers,Doosan Bears,SSG Landers,6,0
jk5Ba00n,Melbet,1.82,1.68,0,-0.14,15 Apr 2026,1,SSG Landers,Doosan Bears,SSG Landers,6,0
jk5Ba00n,Momobet,1.84,1.72,0,-0.12,15 Apr 2026,1,SSG Landers,Doosan Bears,SSG Landers,6,0
jk5Ba00n,Roobet,1.8,1.76,0,-0.04,15 Apr 2026,1,SSG Landers,Doosan Bears,SSG Landers,6,0
jk5Ba00n,Stake.com,1.82,1.83,1,+0.01,15 Apr 2026,1,SSG Landers,Doosan Bears,SSG Landers,6,0
jk5Ba00n,VOBET,1.84,1.72,0,-0.12,15 Apr 2026,1,SSG Landers,Doosan Bears,SSG Landers,6,0
jk5Ba00n,bwin,1.8,1.62,0,-0.18,15 Apr 2026,1,SSG Landers,Doosan Bears,SSG Landers,6,0
hdAZgdUN,10x10bet,2.1,2.11,1,+0.01,15 Apr 2026,2,Hanwha Eagles,Samsung Lions,Samsung Lions,5,13
hdAZgdUN,1xBet,2.14,2.1,0,-0.04,15 Apr 2026,2,Hanwha Eagles,Samsung Lions,Samsung Lions,5,13
hdAZgdUN,22Bet,2.09,2.05,0,-0.04,15 Apr 2026,2,Hanwha Eagles,Samsung Lions,Samsung Lions,5,13
hdAZgdUN,Alphabet,2.1,2.11,1,+0.01,15 Apr 2026,2,Hanwha Eagles,Samsung Lions,Samsung Lions,5,13
hdAZgdUN,BetInAsia,2.13,2.07,0,-0.06,15 Apr 2026,2,Hanwha Eagles,Samsung Lions,Samsung Lions,5,13
hdAZgdUN,Bets.io,2.02,1.97,0,-0.05,15 Apr 2026,2,Hanwha Eagles,Samsung Lions,Samsung Lions,5,13
hdAZgdUN,Cloudbet,2.1,2.05,0,-0.05,15 Apr 2026,2,Hanwha Eagles,Samsung Lions,Samsung Lions,5,13
hdAZgdUN,GambleCity,2.05,2.03,0,-0.02,15 Apr 2026,2,Hanwha Eagles,Samsung Lions,Samsung Lions,5,13
hdAZgdUN,Kobet,2.1,2.17,1,+0.07,15 Apr 2026,2,Hanwha Eagles,Samsung Lions,Samsung Lions,5,13
hdAZgdUN,Melbet,2.09,2.05,0,-0.04,15 Apr 2026,2,Hanwha Eagles,Samsung Lions,Samsung Lions,5,13
hdAZgdUN,Momobet,2.1,2.11,1,+0.01,15 Apr 2026,2,Hanwha Eagles,Samsung Lions,Samsung Lions,5,13
hdAZgdUN,Roobet,2.08,2.1,1,+0.02,15 Apr 2026,2,Hanwha Eagles,Samsung Lions,Samsung Lions,5,13
hdAZgdUN,Stake.com,2.11,2.07,0,-0.04,15 Apr 2026,2,Hanwha Eagles,Samsung Lions,Samsung Lions,5,13
hdAZgdUN,VOBET,2.1,2.11,1,+0.01,15 Apr 2026,2,Hanwha Eagles,Samsung Lions,Samsung Lions,5,13
KrCReIaB,10x10bet,1.6,1.58,0,-0.02,15 Apr 2026,3,KIA Tigers,Kiwoom Heroes,KIA Tigers,7,5
KrCReIaB,1xBet,1.66,1.59,0,-0.07,15 Apr 2026,3,KIA Tigers,Kiwoom Heroes,KIA Tigers,7,5
KrCReIaB,22Bet,1.62,1.55,0,-0.07,15 Apr 2026,3,KIA Tigers,Kiwoom Heroes,KIA Tigers,7,5
KrCReIaB,Alphabet,1.6,1.58,0,-0.02,15 Apr 2026,3,KIA Tigers,Kiwoom Heroes,KIA Tigers,7,5
KrCReIaB,BetInAsia,1.62,1.56,0,-0.06,15 Apr 2026,3,KIA Tigers,Kiwoom Heroes,KIA Tigers,7,5
KrCReIaB,Bets.io,1.55,1.52,0,-0.03,15 Apr 2026,3,KIA Tigers,Kiwoom Heroes,KIA Tigers,7,5
KrCReIaB,Cloudbet,1.6,1.54,0,-0.06,15 Apr 2026,3,KIA Tigers,Kiwoom Heroes,KIA Tigers,7,5
KrCReIaB,GambleCity,1.57,1.54,0,-0.03,15 Apr 2026,3,KIA Tigers,Kiwoom Heroes,KIA Tigers,7,5
KrCReIaB,Kobet,1.59,1.52,0,-0.07,15 Apr 2026,3,KIA Tigers,Kiwoom Heroes,KIA Tigers,7,5
KrCReIaB,Melbet,1.62,1.55,0,-0.07,15 Apr 2026,3,KIA Tigers,Kiwoom Heroes,KIA Tigers,7,5
KrCReIaB,Momobet,1.6,1.58,0,-0.02,15 Apr 2026,3,KIA Tigers,Kiwoom Heroes,KIA Tigers,7,5
KrCReIaB,Roobet,1.58,1.55,0,-0.03,15 Apr 2026,3,KIA Tigers,Kiwoom Heroes,KIA Tigers,7,5
KrCReIaB,Stake.com,1.61,1.56,0,-0.05,15 Apr 2026,3,KIA Tigers,Kiwoom Heroes,KIA Tigers,7,5
KrCReIaB,VOBET,1.6,1.58,0,-0.02,15 Apr 2026,3,KIA Tigers,Kiwoom Heroes,KIA Tigers,7,5
KrCReIaB,bwin,1.62,1.5,0,-0.12,15 Apr 2026,3,KIA Tigers,Kiwoom Heroes,KIA Tigers,7,5
OGIIcvVb,10x10bet,1.96,2.02,1,+0.06,15 Apr 2026,4,NC Dinos,KT Wiz Suwon,KT Wiz Suwon,2,10
OGIIcvVb,1xBet,1.98,2.04,1,+0.06,15 Apr 2026,4,NC Dinos,KT Wiz Suwon,KT Wiz Suwon,2,10
OGIIcvVb,22Bet,1.93,1.99,1,+0.06,15 Apr 2026,4,NC Dinos,KT Wiz Suwon,KT Wiz Suwon,2,10
OGIIcvVb,Alphabet,1.96,2.02,1,+0.06,15 Apr 2026,4,NC Dinos,KT Wiz Suwon,KT Wiz Suwon,2,10
OGIIcvVb,BetInAsia,1.97,2.03,1,+0.06,15 Apr 2026,4,NC Dinos,KT Wiz Suwon,KT Wiz Suwon,2,10
OGIIcvVb,Bets.io,1.87,1.91,1,+0.04,15 Apr 2026,4,NC Dinos,KT Wiz Suwon,KT Wiz Suwon,2,10
OGIIcvVb,Cloudbet,1.85,2.01,1,+0.16,15 Apr 2026,4,NC Dinos,KT Wiz Suwon,KT Wiz Suwon,2,10
OGIIcvVb,GambleCity,1.9,1.94,1,+0.04,15 Apr 2026,4,NC Dinos,KT Wiz Suwon,KT Wiz Suwon,2,10
OGIIcvVb,Kobet,1.94,1.88,0,-0.06,15 Apr 2026,4,NC Dinos,KT Wiz Suwon,KT Wiz Suwon,2,10
OGIIcvVb,Melbet,1.93,1.99,1,+0.06,15 Apr 2026,4,NC Dinos,KT Wiz Suwon,KT Wiz Suwon,2,10
OGIIcvVb,Momobet,1.96,2.02,1,+0.06,15 Apr 2026,4,NC Dinos,KT Wiz Suwon,KT Wiz Suwon,2,10
OGIIcvVb,Roobet,1.82,1.92,1,+0.10,15 Apr 2026,4,NC Dinos,KT Wiz Suwon,KT Wiz Suwon,2,10
OGIIcvVb,Stake.com,1.95,1.98,1,+0.03,15 Apr 2026,4,NC Dinos,KT Wiz Suwon,KT Wiz Suwon,2,10
OGIIcvVb,VOBET,1.96,2.02,1,+0.06,15 Apr 2026,4,NC Dinos,KT Wiz Suwon,KT Wiz Suwon,2,10
OGIIcvVb,bwin,2.05,1.98,0,-0.07,15 Apr 2026,4,NC Dinos,KT Wiz Suwon,KT Wiz Suwon,2,10
CK3ahqgJ,10x10bet,2.55,2.68,1,+0.13,15 Apr 2026,5,LG Twins,Lotte Giants,Lotte Giants,0,2
CK3ahqgJ,1xBet,2.54,2.57,1,+0.03,15 Apr 2026,5,LG Twins,Lotte Giants,Lotte Giants,0,2
CK3ahqgJ,22Bet,2.48,2.5,1,+0.02,15 Apr 2026,5,LG Twins,Lotte Giants,Lotte Giants,0,2
CK3ahqgJ,Alphabet,2.55,2.68,1,+0.13,15 Apr 2026,5,LG Twins,Lotte Giants,Lotte Giants,0,2
CK3ahqgJ,BetInAsia,2.55,2.68,1,+0.13,15 Apr 2026,5,LG Twins,Lotte Giants,Lotte Giants,0,2
CK3ahqgJ,Bets.io,2.35,2.5,1,+0.15,15 Apr 2026,5,LG Twins,Lotte Giants,Lotte Giants,0,2
CK3ahqgJ,Cloudbet,2.52,2.65,1,+0.13,15 Apr 2026,5,LG Twins,Lotte Giants,Lotte Giants,0,2
CK3ahqgJ,GambleCity,2.47,2.57,1,+0.10,15 Apr 2026,5,LG Twins,Lotte Giants,Lotte Giants,0,2
CK3ahqgJ,Kobet,2.55,2.46,0,-0.09,15 Apr 2026,5,LG Twins,Lotte Giants,Lotte Giants,0,2
CK3ahqgJ,Melbet,2.48,2.5,1,+0.02,15 Apr 2026,5,LG Twins,Lotte Giants,Lotte Giants,0,2
CK3ahqgJ,Momobet,2.55,2.68,1,+0.13,15 Apr 2026,5,LG Twins,Lotte Giants,Lotte Giants,0,2
CK3ahqgJ,Stake.com,2.5,2.6,1,+0.10,15 Apr 2026,5,LG Twins,Lotte Giants,Lotte Giants,0,2
CK3ahqgJ,VOBET,2.55,2.68,1,+0.13,15 Apr 2026,5,LG Twins,Lotte Giants,Lotte Giants,0,2
xKrhCwph,10x10bet,1.67,1.57,0,-0.10,16 Apr 2026,1,SSG Landers,Doosan Bears,SSG Landers,2,1
xKrhCwph,1xBet,1.72,1.6,0,-0.12,16 Apr 2026,1,SSG Landers,Doosan Bears,SSG Landers,2,1
xKrhCwph,22Bet,1.68,1.56,0,-0.12,16 Apr 2026,1,SSG Landers,Doosan Bears,SSG Landers,2,1
xKrhCwph,Alphabet,1.67,1.58,0,-0.09,16 Apr 2026,1,SSG Landers,Doosan Bears,SSG Landers,2,1
xKrhCwph,BetInAsia,1.69,1.56,0,-0.13,16 Apr 2026,1,SSG Landers,Doosan Bears,SSG Landers,2,1
xKrhCwph,Bets.io,1.62,1.51,0,-0.11,16 Apr 2026,1,SSG Landers,Doosan Bears,SSG Landers,2,1
xKrhCwph,Cloudbet,1.64,1.54,0,-0.10,16 Apr 2026,1,SSG Landers,Doosan Bears,SSG Landers,2,1
xKrhCwph,GambleCity,1.64,1.53,0,-0.11,16 Apr 2026,1,SSG Landers,Doosan Bears,SSG Landers,2,1
xKrhCwph,Kobet,1.62,1.52,0,-0.10,16 Apr 2026,1,SSG Landers,Doosan Bears,SSG Landers,2,1
xKrhCwph,Melbet,1.68,1.56,0,-0.12,16 Apr 2026,1,SSG Landers,Doosan Bears,SSG Landers,2,1
xKrhCwph,Momobet,1.67,1.57,0,-0.10,16 Apr 2026,1,SSG Landers,Doosan Bears,SSG Landers,2,1
xKrhCwph,Roobet,1.65,1.59,0,-0.06,16 Apr 2026,1,SSG Landers,Doosan Bears,SSG Landers,2,1
xKrhCwph,Stake.com,1.68,1.57,0,-0.11,16 Apr 2026,1,SSG Landers,Doosan Bears,SSG Landers,2,1
xKrhCwph,VOBET,1.67,1.57,0,-0.10,16 Apr 2026,1,SSG Landers,Doosan Bears,SSG Landers,2,1
xKrhCwph,bwin,1.65,1.55,0,-0.10,16 Apr 2026,1,SSG Landers,Doosan Bears,SSG Landers,2,1
2RTH6ZDT,10x10bet,1.47,1.56,1,+0.09,16 Apr 2026,2,Hanwha Eagles,Samsung Lions,Samsung Lions,1,6
2RTH6ZDT,1xBet,1.53,1.6,1,+0.07,16 Apr 2026,2,Hanwha Eagles,Samsung Lions,Samsung Lions,1,6
2RTH6ZDT,22Bet,1.49,1.56,1,+0.07,16 Apr 2026,2,Hanwha Eagles,Samsung Lions,Samsung Lions,1,6
2RTH6ZDT,Alphabet,1.47,1.56,1,+0.09,16 Apr 2026,2,Hanwha Eagles,Samsung Lions,Samsung Lions,1,6
2RTH6ZDT,BetInAsia,1.45,1.57,1,+0.12,16 Apr 2026,2,Hanwha Eagles,Samsung Lions,Samsung Lions,1,6
2RTH6ZDT,Bets.io,1.43,1.51,1,+0.08,16 Apr 2026,2,Hanwha Eagles,Samsung Lions,Samsung Lions,1,6
2RTH6ZDT,Cloudbet,1.46,1.56,1,+0.10,16 Apr 2026,2,Hanwha Eagles,Samsung Lions,Samsung Lions,1,6
2RTH6ZDT,GambleCity,1.45,1.53,1,+0.08,16 Apr 2026,2,Hanwha Eagles,Samsung Lions,Samsung Lions,1,6
2RTH6ZDT,Kobet,1.52,1.5,0,-0.02,16 Apr 2026,2,Hanwha Eagles,Samsung Lions,Samsung Lions,1,6
2RTH6ZDT,Melbet,1.49,1.56,1,+0.07,16 Apr 2026,2,Hanwha Eagles,Samsung Lions,Samsung Lions,1,6
2RTH6ZDT,Momobet,1.47,1.56,1,+0.09,16 Apr 2026,2,Hanwha Eagles,Samsung Lions,Samsung Lions,1,6
2RTH6ZDT,Roobet,1.46,1.47,1,+0.01,16 Apr 2026,2,Hanwha Eagles,Samsung Lions,Samsung Lions,1,6
2RTH6ZDT,Stake.com,1.51,1.56,1,+0.05,16 Apr 2026,2,Hanwha Eagles,Samsung Lions,Samsung Lions,1,6
2RTH6ZDT,VOBET,1.47,1.56,1,+0.09,16 Apr 2026,2,Hanwha Eagles,Samsung Lions,Samsung Lions,1,6
6az98eqH,10x10bet,1.67,1.57,0,-0.10,16 Apr 2026,3,KIA Tigers,Kiwoom Heroes,KIA Tigers,5,1
6az98eqH,1xBet,1.71,1.61,0,-0.10,16 Apr 2026,3,KIA Tigers,Kiwoom Heroes,KIA Tigers,5,1
6az98eqH,22Bet,1.66,1.57,0,-0.09,16 Apr 2026,3,KIA Tigers,Kiwoom Heroes,KIA Tigers,5,1
6az98eqH,Alphabet,1.63,1.58,0,-0.05,16 Apr 2026,3,KIA Tigers,Kiwoom Heroes,KIA Tigers,5,1
6az98eqH,BetInAsia,1.68,1.55,0,-0.13,16 Apr 2026,3,KIA Tigers,Kiwoom Heroes,KIA Tigers,5,1
6az98eqH,Bets.io,1.62,1.51,0,-0.11,16 Apr 2026,3,KIA Tigers,Kiwoom Heroes,KIA Tigers,5,1
6az98eqH,Cloudbet,1.64,1.53,0,-0.11,16 Apr 2026,3,KIA Tigers,Kiwoom Heroes,KIA Tigers,5,1
6az98eqH,GambleCity,1.61,1.53,0,-0.08,16 Apr 2026,3,KIA Tigers,Kiwoom Heroes,KIA Tigers,5,1
6az98eqH,Kobet,1.56,1.52,0,-0.04,16 Apr 2026,3,KIA Tigers,Kiwoom Heroes,KIA Tigers,5,1
6az98eqH,Melbet,1.66,1.57,0,-0.09,16 Apr 2026,3,KIA Tigers,Kiwoom Heroes,KIA Tigers,5,1
6az98eqH,Momobet,1.63,1.57,0,-0.06,16 Apr 2026,3,KIA Tigers,Kiwoom Heroes,KIA Tigers,5,1
6az98eqH,Roobet,1.64,1.57,0,-0.07,16 Apr 2026,3,KIA Tigers,Kiwoom Heroes,KIA Tigers,5,1
6az98eqH,Stake.com,1.68,1.57,0,-0.11,16 Apr 2026,3,KIA Tigers,Kiwoom Heroes,KIA Tigers,5,1
6az98eqH,VOBET,1.67,1.57,0,-0.10,16 Apr 2026,3,KIA Tigers,Kiwoom Heroes,KIA Tigers,5,1
6az98eqH,bwin,1.62,1.57,0,-0.05,16 Apr 2026,3,KIA Tigers,Kiwoom Heroes,KIA Tigers,5,1
bZW0AHE4,10x10bet,2.2,2.71,1,+0.51,16 Apr 2026,4,NC Dinos,KT Wiz Suwon,KT Wiz Suwon,3,4
bZW0AHE4,1xBet,2.26,2.63,1,+0.37,16 Apr 2026,4,NC Dinos,KT Wiz Suwon,KT Wiz Suwon,3,4
bZW0AHE4,22Bet,2.2,2.56,1,+0.36,16 Apr 2026,4,NC Dinos,KT Wiz Suwon,KT Wiz Suwon,3,4
bZW0AHE4,Alphabet,2.2,2.65,1,+0.45,16 Apr 2026,4,NC Dinos,KT Wiz Suwon,KT Wiz Suwon,3,4
bZW0AHE4,BetInAsia,2.24,2.65,1,+0.41,16 Apr 2026,4,NC Dinos,KT Wiz Suwon,KT Wiz Suwon,3,4
bZW0AHE4,Bets.io,2.08,2.52,1,+0.44,16 Apr 2026,4,NC Dinos,KT Wiz Suwon,KT Wiz Suwon,3,4
bZW0AHE4,Cloudbet,2.12,2.62,1,+0.50,16 Apr 2026,4,NC Dinos,KT Wiz Suwon,KT Wiz Suwon,3,4
bZW0AHE4,GambleCity,2.16,2.57,1,+0.41,16 Apr 2026,4,NC Dinos,KT Wiz Suwon,KT Wiz Suwon,3,4
bZW0AHE4,Kobet,2.2,2.5,1,+0.30,16 Apr 2026,4,NC Dinos,KT Wiz Suwon,KT Wiz Suwon,3,4
bZW0AHE4,Melbet,2.2,2.56,1,+0.36,16 Apr 2026,4,NC Dinos,KT Wiz Suwon,KT Wiz Suwon,3,4
bZW0AHE4,Momobet,2.2,2.71,1,+0.51,16 Apr 2026,4,NC Dinos,KT Wiz Suwon,KT Wiz Suwon,3,4
bZW0AHE4,Roobet,2.2,2.54,1,+0.34,16 Apr 2026,4,NC Dinos,KT Wiz Suwon,KT Wiz Suwon,3,4
bZW0AHE4,Stake.com,2.19,2.65,1,+0.46,16 Apr 2026,4,NC Dinos,KT Wiz Suwon,KT Wiz Suwon,3,4
bZW0AHE4,VOBET,2.2,2.71,1,+0.51,16 Apr 2026,4,NC Dinos,KT Wiz Suwon,KT Wiz Suwon,3,4
bZW0AHE4,bwin,2.25,2.45,1,+0.20,16 Apr 2026,4,NC Dinos,KT Wiz Suwon,KT Wiz Suwon,3,4
Cti6lzho,10x10bet,1.6,1.55,0,-0.05,16 Apr 2026,5,LG Twins,Lotte Giants,LG Twins,7,4
Cti6lzho,1xBet,1.66,1.57,0,-0.09,16 Apr 2026,5,LG Twins,Lotte Giants,LG Twins,7,4
Cti6lzho,22Bet,1.62,1.53,0,-0.09,16 Apr 2026,5,LG Twins,Lotte Giants,LG Twins,7,4
Cti6lzho,Alphabet,1.6,1.55,0,-0.05,16 Apr 2026,5,LG Twins,Lotte Giants,LG Twins,7,4
Cti6lzho,BetInAsia,1.62,1.54,0,-0.08,16 Apr 2026,5,LG Twins,Lotte Giants,LG Twins,7,4
Cti6lzho,Bets.io,1.55,1.5,0,-0.05,16 Apr 2026,5,LG Twins,Lotte Giants,LG Twins,7,4
Cti6lzho,Cloudbet,1.57,1.53,0,-0.04,16 Apr 2026,5,LG Twins,Lotte Giants,LG Twins,7,4
Cti6lzho,GambleCity,1.58,1.51,0,-0.07,16 Apr 2026,5,LG Twins,Lotte Giants,LG Twins,7,4
Cti6lzho,Kobet,1.58,1.49,0,-0.09,16 Apr 2026,5,LG Twins,Lotte Giants,LG Twins,7,4
Cti6lzho,Melbet,1.62,1.53,0,-0.09,16 Apr 2026,5,LG Twins,Lotte Giants,LG Twins,7,4
Cti6lzho,Momobet,1.6,1.55,0,-0.05,16 Apr 2026,5,LG Twins,Lotte Giants,LG Twins,7,4
Cti6lzho,Roobet,1.58,1.59,1,+0.01,16 Apr 2026,5,LG Twins,Lotte Giants,LG Twins,7,4
Cti6lzho,Stake.com,1.61,1.55,0,-0.06,16 Apr 2026,5,LG Twins,Lotte Giants,LG Twins,7,4
Cti6lzho,VOBET,1.6,1.55,0,-0.05,16 Apr 2026,5,LG Twins,Lotte Giants,LG Twins,7,4
Cti6lzho,bwin,1.6,1.48,0,-0.12,16 Apr 2026,5,LG Twins,Lotte Giants,LG Twins,7,4
bcFm1Dyi,10x10bet,2.27,2.49,1,+0.22,17 Apr 2026,1,Doosan Bears,KIA Tigers,KIA Tigers,3,7
bcFm1Dyi,1xBet,2.32,2.47,1,+0.15,17 Apr 2026,1,Doosan Bears,KIA Tigers,KIA Tigers,3,7
bcFm1Dyi,22Bet,2.26,2.43,1,+0.17,17 Apr 2026,1,Doosan Bears,KIA Tigers,KIA Tigers,3,7
bcFm1Dyi,Alphabet,2.27,2.49,1,+0.22,17 Apr 2026,1,Doosan Bears,KIA Tigers,KIA Tigers,3,7
bcFm1Dyi,BetInAsia,2.3,2.48,1,+0.18,17 Apr 2026,1,Doosan Bears,KIA Tigers,KIA Tigers,3,7
bcFm1Dyi,Bets.io,2.14,2.27,1,+0.13,17 Apr 2026,1,Doosan Bears,KIA Tigers,KIA Tigers,3,7
bcFm1Dyi,Cloudbet,2.25,2.46,1,+0.21,17 Apr 2026,1,Doosan Bears,KIA Tigers,KIA Tigers,3,7
bcFm1Dyi,GambleCity,2.2,2.38,1,+0.18,17 Apr 2026,1,Doosan Bears,KIA Tigers,KIA Tigers,3,7
bcFm1Dyi,Kobet,2.25,2.49,1,+0.24,17 Apr 2026,1,Doosan Bears,KIA Tigers,KIA Tigers,3,7
bcFm1Dyi,Melbet,2.26,2.41,1,+0.15,17 Apr 2026,1,Doosan Bears,KIA Tigers,KIA Tigers,3,7
bcFm1Dyi,Momobet,2.27,2.49,1,+0.22,17 Apr 2026,1,Doosan Bears,KIA Tigers,KIA Tigers,3,7
bcFm1Dyi,Roobet,2.24,2.22,0,-0.02,17 Apr 2026,1,Doosan Bears,KIA Tigers,KIA Tigers,3,7
bcFm1Dyi,Stake.com,2.26,2.48,1,+0.22,17 Apr 2026,1,Doosan Bears,KIA Tigers,KIA Tigers,3,7
bcFm1Dyi,VOBET,2.27,2.49,1,+0.22,17 Apr 2026,1,Doosan Bears,KIA Tigers,KIA Tigers,3,7
bcFm1Dyi,bwin,2.25,2.45,1,+0.20,17 Apr 2026,1,Doosan Bears,KIA Tigers,KIA Tigers,3,7
v96Q8Pfc,10x10bet,2.2,2.4,1,+0.20,17 Apr 2026,2,Lotte Giants,Hanwha Eagles,Hanwha Eagles,0,0
v96Q8Pfc,1xBet,2.22,2.31,1,+0.09,17 Apr 2026,2,Lotte Giants,Hanwha Eagles,Hanwha Eagles,0,0
v96Q8Pfc,22Bet,2.17,2.25,1,+0.08,17 Apr 2026,2,Lotte Giants,Hanwha Eagles,Hanwha Eagles,0,0
v96Q8Pfc,Alphabet,2.14,2.38,1,+0.24,17 Apr 2026,2,Lotte Giants,Hanwha Eagles,Hanwha Eagles,0,0
v96Q8Pfc,BetInAsia,2.02,2.3,1,+0.28,17 Apr 2026,2,Lotte Giants,Hanwha Eagles,Hanwha Eagles,0,0
v96Q8Pfc,Bets.io,2.08,2.23,1,+0.15,17 Apr 2026,2,Lotte Giants,Hanwha Eagles,Hanwha Eagles,0,0
v96Q8Pfc,Cloudbet,2.09,2.28,1,+0.19,17 Apr 2026,2,Lotte Giants,Hanwha Eagles,Hanwha Eagles,0,0
v96Q8Pfc,GambleCity,2.14,2.34,1,+0.20,17 Apr 2026,2,Lotte Giants,Hanwha Eagles,Hanwha Eagles,0,0
v96Q8Pfc,Kobet,2.35,2.2,0,-0.15,17 Apr 2026,2,Lotte Giants,Hanwha Eagles,Hanwha Eagles,0,0
v96Q8Pfc,Melbet,2.17,2.25,1,+0.08,17 Apr 2026,2,Lotte Giants,Hanwha Eagles,Hanwha Eagles,0,0
v96Q8Pfc,Momobet,2.2,2.38,1,+0.18,17 Apr 2026,2,Lotte Giants,Hanwha Eagles,Hanwha Eagles,0,0
v96Q8Pfc,Roobet,2.16,2.3,1,+0.14,17 Apr 2026,2,Lotte Giants,Hanwha Eagles,Hanwha Eagles,0,0
v96Q8Pfc,VOBET,2.2,2.38,1,+0.18,17 Apr 2026,2,Lotte Giants,Hanwha Eagles,Hanwha Eagles,0,0
vXlDaLHq,10x10bet,1.53,1.62,1,+0.09,17 Apr 2026,3,KT Wiz Suwon,Kiwoom Heroes,KT Wiz Suwon,5,0
vXlDaLHq,1xBet,1.59,1.61,1,+0.02,17 Apr 2026,3,KT Wiz Suwon,Kiwoom Heroes,KT Wiz Suwon,5,0
vXlDaLHq,22Bet,1.55,1.62,1,+0.07,17 Apr 2026,3,KT Wiz Suwon,Kiwoom Heroes,KT Wiz Suwon,5,0
vXlDaLHq,Alphabet,1.48,1.63,1,+0.15,17 Apr 2026,3,KT Wiz Suwon,Kiwoom Heroes,KT Wiz Suwon,5,0
vXlDaLHq,BetInAsia,1.56,1.63,1,+0.07,17 Apr 2026,3,KT Wiz Suwon,Kiwoom Heroes,KT Wiz Suwon,5,0
vXlDaLHq,Bets.io,1.48,1.51,1,+0.03,17 Apr 2026,3,KT Wiz Suwon,Kiwoom Heroes,KT Wiz Suwon,5,0
vXlDaLHq,Cloudbet,1.53,1.61,1,+0.08,17 Apr 2026,3,KT Wiz Suwon,Kiwoom Heroes,KT Wiz Suwon,5,0
vXlDaLHq,GambleCity,1.5,1.59,1,+0.09,17 Apr 2026,3,KT Wiz Suwon,Kiwoom Heroes,KT Wiz Suwon,5,0
vXlDaLHq,Kobet,1.53,1.52,0,-0.01,17 Apr 2026,3,KT Wiz Suwon,Kiwoom Heroes,KT Wiz Suwon,5,0
vXlDaLHq,Melbet,1.55,1.57,1,+0.02,17 Apr 2026,3,KT Wiz Suwon,Kiwoom Heroes,KT Wiz Suwon,5,0
vXlDaLHq,Momobet,1.53,1.63,1,+0.10,17 Apr 2026,3,KT Wiz Suwon,Kiwoom Heroes,KT Wiz Suwon,5,0
vXlDaLHq,Roobet,1.52,1.51,0,-0.01,17 Apr 2026,3,KT Wiz Suwon,Kiwoom Heroes,KT Wiz Suwon,5,0
vXlDaLHq,Stake.com,1.55,1.56,1,+0.01,17 Apr 2026,3,KT Wiz Suwon,Kiwoom Heroes,KT Wiz Suwon,5,0
vXlDaLHq,VOBET,1.48,1.63,1,+0.15,17 Apr 2026,3,KT Wiz Suwon,Kiwoom Heroes,KT Wiz Suwon,5,0
vXlDaLHq,bwin,1.53,1.55,1,+0.02,17 Apr 2026,3,KT Wiz Suwon,Kiwoom Heroes,KT Wiz Suwon,5,0
nZ9Y63P9,10x10bet,1.78,1.76,0,-0.02,17 Apr 2026,4,Samsung Lions,LG Twins,LG Twins,0,0
nZ9Y63P9,1xBet,1.81,1.79,0,-0.02,17 Apr 2026,4,Samsung Lions,LG Twins,LG Twins,0,0
nZ9Y63P9,22Bet,1.77,1.74,0,-0.03,17 Apr 2026,4,Samsung Lions,LG Twins,LG Twins,0,0
nZ9Y63P9,Alphabet,1.78,1.76,0,-0.02,17 Apr 2026,4,Samsung Lions,LG Twins,LG Twins,0,0
nZ9Y63P9,BetInAsia,1.78,1.76,0,-0.02,17 Apr 2026,4,Samsung Lions,LG Twins,LG Twins,0,0
nZ9Y63P9,Bets.io,1.7,1.68,0,-0.02,17 Apr 2026,4,Samsung Lions,LG Twins,LG Twins,0,0
nZ9Y63P9,Cloudbet,1.75,1.74,0,-0.01,17 Apr 2026,4,Samsung Lions,LG Twins,LG Twins,0,0
nZ9Y63P9,GambleCity,1.73,1.7,0,-0.03,17 Apr 2026,4,Samsung Lions,LG Twins,LG Twins,0,0
nZ9Y63P9,Kobet,1.76,1.7,0,-0.06,17 Apr 2026,4,Samsung Lions,LG Twins,LG Twins,0,0
nZ9Y63P9,Melbet,1.77,1.74,0,-0.03,17 Apr 2026,4,Samsung Lions,LG Twins,LG Twins,0,0
nZ9Y63P9,Momobet,1.78,1.76,0,-0.02,17 Apr 2026,4,Samsung Lions,LG Twins,LG Twins,0,0
nZ9Y63P9,Roobet,1.74,1.7,0,-0.04,17 Apr 2026,4,Samsung Lions,LG Twins,LG Twins,0,0
nZ9Y63P9,VOBET,1.78,1.76,0,-0.02,17 Apr 2026,4,Samsung Lions,LG Twins,LG Twins,0,0
8lbs5sfM,10x10bet,2.2,2.19,0,-0.01,17 Apr 2026,5,NC Dinos,SSG Landers,SSG Landers,0,0
8lbs5sfM,Alphabet,2.2,2.19,0,-0.01,17 Apr 2026,5,NC Dinos,SSG Landers,SSG Landers,0,0
8lbs5sfM,BetInAsia,2.24,2.13,0,-0.11,17 Apr 2026,5,NC Dinos,SSG Landers,SSG Landers,0,0
8lbs5sfM,Bets.io,2.08,2.07,0,-0.01,17 Apr 2026,5,NC Dinos,SSG Landers,SSG Landers,0,0
8lbs5sfM,Cloudbet,2.2,2.11,0,-0.09,17 Apr 2026,5,NC Dinos,SSG Landers,SSG Landers,0,0
8lbs5sfM,GambleCity,2.14,2.13,0,-0.01,17 Apr 2026,5,NC Dinos,SSG Landers,SSG Landers,0,0
8lbs5sfM,Kobet,2.2,2.05,0,-0.15,17 Apr 2026,5,NC Dinos,SSG Landers,SSG Landers,0,0
8lbs5sfM,Momobet,2.2,2.18,0,-0.02,17 Apr 2026,5,NC Dinos,SSG Landers,SSG Landers,0,0
8lbs5sfM,Roobet,2.18,2.14,0,-0.04,17 Apr 2026,5,NC Dinos,SSG Landers,SSG Landers,0,0
8lbs5sfM,Stake.com,2.19,2.17,0,-0.02,17 Apr 2026,5,NC Dinos,SSG Landers,SSG Landers,0,0
8lbs5sfM,VOBET,2.2,2.18,0,-0.02,17 Apr 2026,5,NC Dinos,SSG Landers,SSG Landers,0,0
KtcLcand,10x10bet,2.27,2.4,1,+0.13,18 Apr 2026,1,Doosan Bears,KIA Tigers,Doosan Bears,5,4
KtcLcand,1xBet,2.31,2.33,1,+0.02,18 Apr 2026,1,Doosan Bears,KIA Tigers,Doosan Bears,5,4
KtcLcand,22Bet,2.25,2.27,1,+0.02,18 Apr 2026,1,Doosan Bears,KIA Tigers,Doosan Bears,5,4
KtcLcand,Alphabet,2.27,2.4,1,+0.13,18 Apr 2026,1,Doosan Bears,KIA Tigers,Doosan Bears,5,4
KtcLcand,BetInAsia,2.31,2.26,0,-0.05,18 Apr 2026,1,Doosan Bears,KIA Tigers,Doosan Bears,5,4
KtcLcand,Bets.io,2.14,2.44,1,+0.30,18 Apr 2026,1,Doosan Bears,KIA Tigers,Doosan Bears,5,4
KtcLcand,Cloudbet,2.27,2.15,0,-0.12,18 Apr 2026,1,Doosan Bears,KIA Tigers,Doosan Bears,5,4
KtcLcand,GambleCity,2.22,2.32,1,+0.10,18 Apr 2026,1,Doosan Bears,KIA Tigers,Doosan Bears,5,4
KtcLcand,Kobet,2.25,2.37,1,+0.12,18 Apr 2026,1,Doosan Bears,KIA Tigers,Doosan Bears,5,4
KtcLcand,Melbet,2.25,2.27,1,+0.02,18 Apr 2026,1,Doosan Bears,KIA Tigers,Doosan Bears,5,4
KtcLcand,Momobet,2.27,2.6,1,+0.33,18 Apr 2026,1,Doosan Bears,KIA Tigers,Doosan Bears,5,4
KtcLcand,Roobet,2.24,2.54,1,+0.30,18 Apr 2026,1,Doosan Bears,KIA Tigers,Doosan Bears,5,4
KtcLcand,Stake.com,2.36,2.35,0,-0.01,18 Apr 2026,1,Doosan Bears,KIA Tigers,Doosan Bears,5,4
KtcLcand,VOBET,2.27,2.4,1,+0.13,18 Apr 2026,1,Doosan Bears,KIA Tigers,Doosan Bears,5,4
KtcLcand,bwin,2.35,2.3,0,-0.05,18 Apr 2026,1,Doosan Bears,KIA Tigers,Doosan Bears,5,4
Czp7L2v3,10x10bet,1.7,1.8,1,+0.10,18 Apr 2026,2,Lotte Giants,Hanwha Eagles,Hanwha Eagles,0,5
Czp7L2v3,1xBet,1.79,1.86,1,+0.07,18 Apr 2026,2,Lotte Giants,Hanwha Eagles,Hanwha Eagles,0,5
Czp7L2v3,22Bet,1.74,1.82,1,+0.08,18 Apr 2026,2,Lotte Giants,Hanwha Eagles,Hanwha Eagles,0,5
Czp7L2v3,Alphabet,1.7,1.8,1,+0.10,18 Apr 2026,2,Lotte Giants,Hanwha Eagles,Hanwha Eagles,0,5
Czp7L2v3,BetInAsia,1.68,1.85,1,+0.17,18 Apr 2026,2,Lotte Giants,Hanwha Eagles,Hanwha Eagles,0,5
Czp7L2v3,Bets.io,1.63,1.67,1,+0.04,18 Apr 2026,2,Lotte Giants,Hanwha Eagles,Hanwha Eagles,0,5
Czp7L2v3,Cloudbet,1.68,1.81,1,+0.13,18 Apr 2026,2,Lotte Giants,Hanwha Eagles,Hanwha Eagles,0,5
Czp7L2v3,GambleCity,1.66,1.75,1,+0.09,18 Apr 2026,2,Lotte Giants,Hanwha Eagles,Hanwha Eagles,0,5
Czp7L2v3,Kobet,1.7,1.94,1,+0.24,18 Apr 2026,2,Lotte Giants,Hanwha Eagles,Hanwha Eagles,0,5
Czp7L2v3,Melbet,1.74,1.82,1,+0.08,18 Apr 2026,2,Lotte Giants,Hanwha Eagles,Hanwha Eagles,0,5
Czp7L2v3,Momobet,1.7,1.8,1,+0.10,18 Apr 2026,2,Lotte Giants,Hanwha Eagles,Hanwha Eagles,0,5
Czp7L2v3,Roobet,1.71,1.76,1,+0.05,18 Apr 2026,2,Lotte Giants,Hanwha Eagles,Hanwha Eagles,0,5
Czp7L2v3,Stake.com,1.72,1.81,1,+0.09,18 Apr 2026,2,Lotte Giants,Hanwha Eagles,Hanwha Eagles,0,5
Czp7L2v3,VOBET,1.7,1.8,1,+0.10,18 Apr 2026,2,Lotte Giants,Hanwha Eagles,Hanwha Eagles,0,5
00IfCb1k,10x10bet,1.9,1.63,0,-0.27,18 Apr 2026,3,KT Wiz Suwon,Kiwoom Heroes,KT Wiz Suwon,4,2
00IfCb1k,1xBet,1.95,1.69,0,-0.26,18 Apr 2026,3,KT Wiz Suwon,Kiwoom Heroes,KT Wiz Suwon,4,2
00IfCb1k,22Bet,1.9,1.65,0,-0.25,18 Apr 2026,3,KT Wiz Suwon,Kiwoom Heroes,KT Wiz Suwon,4,2
00IfCb1k,Alphabet,1.9,1.63,0,-0.27,18 Apr 2026,3,KT Wiz Suwon,Kiwoom Heroes,KT Wiz Suwon,4,2
00IfCb1k,BetInAsia,1.92,1.67,0,-0.25,18 Apr 2026,3,KT Wiz Suwon,Kiwoom Heroes,KT Wiz Suwon,4,2
00IfCb1k,Bets.io,1.8,1.56,0,-0.24,18 Apr 2026,3,KT Wiz Suwon,Kiwoom Heroes,KT Wiz Suwon,4,2
00IfCb1k,Cloudbet,1.9,1.65,0,-0.25,18 Apr 2026,3,KT Wiz Suwon,Kiwoom Heroes,KT Wiz Suwon,4,2
00IfCb1k,GambleCity,1.84,1.59,0,-0.25,18 Apr 2026,3,KT Wiz Suwon,Kiwoom Heroes,KT Wiz Suwon,4,2
00IfCb1k,Kobet,1.71,1.58,0,-0.13,18 Apr 2026,3,KT Wiz Suwon,Kiwoom Heroes,KT Wiz Suwon,4,2
00IfCb1k,Melbet,1.9,1.65,0,-0.25,18 Apr 2026,3,KT Wiz Suwon,Kiwoom Heroes,KT Wiz Suwon,4,2
00IfCb1k,Momobet,1.9,1.63,0,-0.27,18 Apr 2026,3,KT Wiz Suwon,Kiwoom Heroes,KT Wiz Suwon,4,2
00IfCb1k,Roobet,1.89,1.61,0,-0.28,18 Apr 2026,3,KT Wiz Suwon,Kiwoom Heroes,KT Wiz Suwon,4,2
00IfCb1k,Stake.com,1.74,1.64,0,-0.10,18 Apr 2026,3,KT Wiz Suwon,Kiwoom Heroes,KT Wiz Suwon,4,2
00IfCb1k,VOBET,1.9,1.63,0,-0.27,18 Apr 2026,3,KT Wiz Suwon,Kiwoom Heroes,KT Wiz Suwon,4,2
00IfCb1k,bwin,1.72,1.57,0,-0.15,18 Apr 2026,3,KT Wiz Suwon,Kiwoom Heroes,KT Wiz Suwon,4,2
GStOHKwS,10x10bet,2.23,2.28,1,+0.05,18 Apr 2026,5,NC Dinos,SSG Landers,SSG Landers,3,11
GStOHKwS,1xBet,2.29,2.17,0,-0.12,18 Apr 2026,5,NC Dinos,SSG Landers,SSG Landers,3,11
GStOHKwS,22Bet,2.23,2.12,0,-0.11,18 Apr 2026,5,NC Dinos,SSG Landers,SSG Landers,3,11
GStOHKwS,Alphabet,2.23,2.28,1,+0.05,18 Apr 2026,5,NC Dinos,SSG Landers,SSG Landers,3,11
GStOHKwS,BetInAsia,2.29,2.15,0,-0.14,18 Apr 2026,5,NC Dinos,SSG Landers,SSG Landers,3,11
GStOHKwS,Bets.io,2.14,2.17,1,+0.03,18 Apr 2026,5,NC Dinos,SSG Landers,SSG Landers,3,11
GStOHKwS,Cloudbet,2.25,2.13,0,-0.12,18 Apr 2026,5,NC Dinos,SSG Landers,SSG Landers,3,11
GStOHKwS,GambleCity,2.2,2.18,0,-0.02,18 Apr 2026,5,NC Dinos,SSG Landers,SSG Landers,3,11
GStOHKwS,Kobet,2.25,2.2,0,-0.05,18 Apr 2026,5,NC Dinos,SSG Landers,SSG Landers,3,11
GStOHKwS,Melbet,2.23,2.12,0,-0.11,18 Apr 2026,5,NC Dinos,SSG Landers,SSG Landers,3,11
GStOHKwS,Momobet,2.23,2.28,1,+0.05,18 Apr 2026,5,NC Dinos,SSG Landers,SSG Landers,3,11
GStOHKwS,Stake.com,2.26,2.22,0,-0.04,18 Apr 2026,5,NC Dinos,SSG Landers,SSG Landers,3,11
GStOHKwS,VOBET,2.23,2.28,1,+0.05,18 Apr 2026,5,NC Dinos,SSG Landers,SSG Landers,3,11
GStOHKwS,bwin,2.25,2.1,0,-0.15,18 Apr 2026,5,NC Dinos,SSG Landers,SSG Landers,3,11
82wGJt9F,10x10bet,2.07,2.01,0,-0.06,18 Apr 2026,6,Samsung Lions,LG Twins,Samsung Lions,7,2
82wGJt9F,1xBet,2.11,1.95,0,-0.16,18 Apr 2026,6,Samsung Lions,LG Twins,Samsung Lions,7,2
82wGJt9F,22Bet,2.06,1.9,0,-0.16,18 Apr 2026,6,Samsung Lions,LG Twins,Samsung Lions,7,2
82wGJt9F,Alphabet,2.07,2.04,0,-0.03,18 Apr 2026,6,Samsung Lions,LG Twins,Samsung Lions,7,2
82wGJt9F,BetInAsia,2.09,1.93,0,-0.16,18 Apr 2026,6,Samsung Lions,LG Twins,Samsung Lions,7,2
82wGJt9F,Bets.io,1.98,2.01,1,+0.03,18 Apr 2026,6,Samsung Lions,LG Twins,Samsung Lions,7,2
82wGJt9F,Cloudbet,2.05,1.91,0,-0.14,18 Apr 2026,6,Samsung Lions,LG Twins,Samsung Lions,7,2
82wGJt9F,GambleCity,2.01,2.05,1,+0.04,18 Apr 2026,6,Samsung Lions,LG Twins,Samsung Lions,7,2
82wGJt9F,Kobet,2.0,2.02,1,+0.02,18 Apr 2026,6,Samsung Lions,LG Twins,Samsung Lions,7,2
82wGJt9F,Melbet,2.06,1.92,0,-0.14,18 Apr 2026,6,Samsung Lions,LG Twins,Samsung Lions,7,2
82wGJt9F,Momobet,2.07,2.12,1,+0.05,18 Apr 2026,6,Samsung Lions,LG Twins,Samsung Lions,7,2
82wGJt9F,Roobet,2.02,1.94,0,-0.08,18 Apr 2026,6,Samsung Lions,LG Twins,Samsung Lions,7,2
82wGJt9F,Stake.com,2.07,1.97,0,-0.10,18 Apr 2026,6,Samsung Lions,LG Twins,Samsung Lions,7,2
82wGJt9F,VOBET,2.07,2.04,0,-0.03,18 Apr 2026,6,Samsung Lions,LG Twins,Samsung Lions,7,2
82wGJt9F,bwin,2.05,1.9,0,-0.15,18 Apr 2026,6,Samsung Lions,LG Twins,Samsung Lions,7,2
zyIwCk76,10x10bet,2.6,2.75,1,+0.15,19 Apr 2026,1,KT Wiz Suwon,Kiwoom Heroes,Kiwoom Heroes,1,3
zyIwCk76,22Bet,2.61,2.62,1,+0.01,19 Apr 2026,1,KT Wiz Suwon,Kiwoom Heroes,Kiwoom Heroes,1,3
zyIwCk76,Alphabet,2.6,2.75,1,+0.15,19 Apr 2026,1,KT Wiz Suwon,Kiwoom Heroes,Kiwoom Heroes,1,3
zyIwCk76,BetInAsia,2.66,2.65,0,-0.01,19 Apr 2026,1,KT Wiz Suwon,Kiwoom Heroes,Kiwoom Heroes,1,3
zyIwCk76,Bets.io,2.43,2.55,1,+0.12,19 Apr 2026,1,KT Wiz Suwon,Kiwoom Heroes,Kiwoom Heroes,1,3
zyIwCk76,Cloudbet,2.61,2.62,1,+0.01,19 Apr 2026,1,KT Wiz Suwon,Kiwoom Heroes,Kiwoom Heroes,1,3
zyIwCk76,GambleCity,2.56,2.63,1,+0.07,19 Apr 2026,1,KT Wiz Suwon,Kiwoom Heroes,Kiwoom Heroes,1,3
zyIwCk76,Kobet,2.65,3.0,1,+0.35,19 Apr 2026,1,KT Wiz Suwon,Kiwoom Heroes,Kiwoom Heroes,1,3
zyIwCk76,Melbet,2.61,2.62,1,+0.01,19 Apr 2026,1,KT Wiz Suwon,Kiwoom Heroes,Kiwoom Heroes,1,3
zyIwCk76,Momobet,2.6,2.85,1,+0.25,19 Apr 2026,1,KT Wiz Suwon,Kiwoom Heroes,Kiwoom Heroes,1,3
zyIwCk76,Roobet,2.66,2.76,1,+0.10,19 Apr 2026,1,KT Wiz Suwon,Kiwoom Heroes,Kiwoom Heroes,1,3
zyIwCk76,VOBET,2.6,2.85,1,+0.25,19 Apr 2026,1,KT Wiz Suwon,Kiwoom Heroes,Kiwoom Heroes,1,3
zyIwCk76,bwin,2.75,2.65,0,-0.10,19 Apr 2026,1,KT Wiz Suwon,Kiwoom Heroes,Kiwoom Heroes,1,3
nHG2AxW1,10x10bet,2.14,2.15,1,+0.01,19 Apr 2026,2,Doosan Bears,KIA Tigers,Doosan Bears,6,3
nHG2AxW1,1xBet,2.19,2.13,0,-0.06,19 Apr 2026,2,Doosan Bears,KIA Tigers,Doosan Bears,6,3
nHG2AxW1,22Bet,2.14,2.07,0,-0.07,19 Apr 2026,2,Doosan Bears,KIA Tigers,Doosan Bears,6,3
nHG2AxW1,Alphabet,2.14,2.15,1,+0.01,19 Apr 2026,2,Doosan Bears,KIA Tigers,Doosan Bears,6,3
nHG2AxW1,BetInAsia,2.12,2.05,0,-0.07,19 Apr 2026,2,Doosan Bears,KIA Tigers,Doosan Bears,6,3
nHG2AxW1,Bets.io,2.05,2.02,0,-0.03,19 Apr 2026,2,Doosan Bears,KIA Tigers,Doosan Bears,6,3
nHG2AxW1,Cloudbet,2.14,2.03,0,-0.11,19 Apr 2026,2,Doosan Bears,KIA Tigers,Doosan Bears,6,3
nHG2AxW1,GambleCity,2.1,2.07,0,-0.03,19 Apr 2026,2,Doosan Bears,KIA Tigers,Doosan Bears,6,3
nHG2AxW1,Kobet,2.1,2.14,1,+0.04,19 Apr 2026,2,Doosan Bears,KIA Tigers,Doosan Bears,6,3
nHG2AxW1,Melbet,2.14,2.07,0,-0.07,19 Apr 2026,2,Doosan Bears,KIA Tigers,Doosan Bears,6,3
nHG2AxW1,Momobet,2.14,2.15,1,+0.01,19 Apr 2026,2,Doosan Bears,KIA Tigers,Doosan Bears,6,3
nHG2AxW1,Stake.com,2.15,2.1,0,-0.05,19 Apr 2026,2,Doosan Bears,KIA Tigers,Doosan Bears,6,3
nHG2AxW1,VOBET,2.14,2.15,1,+0.01,19 Apr 2026,2,Doosan Bears,KIA Tigers,Doosan Bears,6,3
nHG2AxW1,bwin,2.15,2.05,0,-0.10,19 Apr 2026,2,Doosan Bears,KIA Tigers,Doosan Bears,6,3
2PbkYuO8,10x10bet,1.79,1.97,1,+0.18,19 Apr 2026,3,Lotte Giants,Hanwha Eagles,Hanwha Eagles,1,9
2PbkYuO8,1xBet,1.83,1.98,1,+0.15,19 Apr 2026,3,Lotte Giants,Hanwha Eagles,Hanwha Eagles,1,9
2PbkYuO8,22Bet,1.78,1.93,1,+0.15,19 Apr 2026,3,Lotte Giants,Hanwha Eagles,Hanwha Eagles,1,9
2PbkYuO8,Alphabet,1.79,1.97,1,+0.18,19 Apr 2026,3,Lotte Giants,Hanwha Eagles,Hanwha Eagles,1,9
2PbkYuO8,BetInAsia,1.8,1.98,1,+0.18,19 Apr 2026,3,Lotte Giants,Hanwha Eagles,Hanwha Eagles,1,9
2PbkYuO8,Bets.io,1.72,1.87,1,+0.15,19 Apr 2026,3,Lotte Giants,Hanwha Eagles,Hanwha Eagles,1,9
2PbkYuO8,Cloudbet,1.77,1.96,1,+0.19,19 Apr 2026,3,Lotte Giants,Hanwha Eagles,Hanwha Eagles,1,9
2PbkYuO8,GambleCity,1.74,1.9,1,+0.16,19 Apr 2026,3,Lotte Giants,Hanwha Eagles,Hanwha Eagles,1,9
2PbkYuO8,Kobet,1.72,1.84,1,+0.12,19 Apr 2026,3,Lotte Giants,Hanwha Eagles,Hanwha Eagles,1,9
2PbkYuO8,Melbet,1.78,1.93,1,+0.15,19 Apr 2026,3,Lotte Giants,Hanwha Eagles,Hanwha Eagles,1,9
2PbkYuO8,Momobet,1.79,1.97,1,+0.18,19 Apr 2026,3,Lotte Giants,Hanwha Eagles,Hanwha Eagles,1,9
2PbkYuO8,Roobet,1.76,1.82,1,+0.06,19 Apr 2026,3,Lotte Giants,Hanwha Eagles,Hanwha Eagles,1,9
2PbkYuO8,Stake.com,1.78,1.93,1,+0.15,19 Apr 2026,3,Lotte Giants,Hanwha Eagles,Hanwha Eagles,1,9
2PbkYuO8,VOBET,1.79,1.97,1,+0.18,19 Apr 2026,3,Lotte Giants,Hanwha Eagles,Hanwha Eagles,1,9
2PbkYuO8,bwin,1.75,1.9,1,+0.15,19 Apr 2026,3,Lotte Giants,Hanwha Eagles,Hanwha Eagles,1,9
YBLMFX7s,10x10bet,2.0,1.9,0,-0.10,19 Apr 2026,4,Samsung Lions,LG Twins,LG Twins,0,5
YBLMFX7s,1xBet,2.18,1.95,0,-0.23,19 Apr 2026,4,Samsung Lions,LG Twins,LG Twins,0,5
YBLMFX7s,22Bet,2.13,1.9,0,-0.23,19 Apr 2026,4,Samsung Lions,LG Twins,LG Twins,0,5
YBLMFX7s,Alphabet,2.0,1.9,0,-0.10,19 Apr 2026,4,Samsung Lions,LG Twins,LG Twins,0,5
YBLMFX7s,BetInAsia,2.0,1.89,0,-0.11,19 Apr 2026,4,Samsung Lions,LG Twins,LG Twins,0,5
YBLMFX7s,Bets.io,1.89,1.81,0,-0.08,19 Apr 2026,4,Samsung Lions,LG Twins,LG Twins,0,5
YBLMFX7s,Cloudbet,1.96,1.87,0,-0.09,19 Apr 2026,4,Samsung Lions,LG Twins,LG Twins,0,5
YBLMFX7s,GambleCity,1.92,1.84,0,-0.08,19 Apr 2026,4,Samsung Lions,LG Twins,LG Twins,0,5
YBLMFX7s,Kobet,1.96,1.84,0,-0.12,19 Apr 2026,4,Samsung Lions,LG Twins,LG Twins,0,5
YBLMFX7s,Melbet,2.13,1.9,0,-0.23,19 Apr 2026,4,Samsung Lions,LG Twins,LG Twins,0,5
YBLMFX7s,Momobet,2.0,1.9,0,-0.10,19 Apr 2026,4,Samsung Lions,LG Twins,LG Twins,0,5
YBLMFX7s,Roobet,1.95,1.88,0,-0.07,19 Apr 2026,4,Samsung Lions,LG Twins,LG Twins,0,5
YBLMFX7s,Stake.com,1.97,1.9,0,-0.07,19 Apr 2026,4,Samsung Lions,LG Twins,LG Twins,0,5
YBLMFX7s,bwin,2.0,1.83,0,-0.17,19 Apr 2026,4,Samsung Lions,LG Twins,LG Twins,0,5
UwFVDBxf,10x10bet,1.65,1.61,0,-0.04,19 Apr 2026,5,NC Dinos,SSG Landers,NC Dinos,9,2
UwFVDBxf,1xBet,1.7,1.64,0,-0.06,19 Apr 2026,5,NC Dinos,SSG Landers,NC Dinos,9,2
UwFVDBxf,22Bet,1.65,1.59,0,-0.06,19 Apr 2026,5,NC Dinos,SSG Landers,NC Dinos,9,2
UwFVDBxf,Alphabet,1.65,1.61,0,-0.04,19 Apr 2026,5,NC Dinos,SSG Landers,NC Dinos,9,2
UwFVDBxf,BetInAsia,1.66,1.59,0,-0.07,19 Apr 2026,5,NC Dinos,SSG Landers,NC Dinos,9,2
UwFVDBxf,Bets.io,1.6,1.55,0,-0.05,19 Apr 2026,5,NC Dinos,SSG Landers,NC Dinos,9,2
UwFVDBxf,Cloudbet,1.63,1.57,0,-0.06,19 Apr 2026,5,NC Dinos,SSG Landers,NC Dinos,9,2
UwFVDBxf,GambleCity,1.62,1.57,0,-0.05,19 Apr 2026,5,NC Dinos,SSG Landers,NC Dinos,9,2
UwFVDBxf,Melbet,1.65,1.59,0,-0.06,19 Apr 2026,5,NC Dinos,SSG Landers,NC Dinos,9,2
UwFVDBxf,Momobet,1.65,1.61,0,-0.04,19 Apr 2026,5,NC Dinos,SSG Landers,NC Dinos,9,2
UwFVDBxf,Stake.com,1.66,1.6,0,-0.06,19 Apr 2026,5,NC Dinos,SSG Landers,NC Dinos,9,2
UwFVDBxf,bwin,1.62,1.55,0,-0.07,19 Apr 2026,5,NC Dinos,SSG Landers,NC Dinos,9,2
OdbYXWTP,10x10bet,1.58,1.64,1,+0.06,"Yesterday, 21 Apr",1,Lotte Giants,Doosan Bears,Doosan Bears,2,6
OdbYXWTP,1xBet,1.58,1.68,1,+0.10,"Yesterday, 21 Apr",1,Lotte Giants,Doosan Bears,Doosan Bears,2,6
OdbYXWTP,22Bet,1.54,1.63,1,+0.09,"Yesterday, 21 Apr",1,Lotte Giants,Doosan Bears,Doosan Bears,2,6
OdbYXWTP,Alphabet,1.53,1.64,1,+0.11,"Yesterday, 21 Apr",1,Lotte Giants,Doosan Bears,Doosan Bears,2,6
OdbYXWTP,BetInAsia,1.55,1.65,1,+0.10,"Yesterday, 21 Apr",1,Lotte Giants,Doosan Bears,Doosan Bears,2,6
OdbYXWTP,Bets.io,1.48,1.58,1,+0.10,"Yesterday, 21 Apr",1,Lotte Giants,Doosan Bears,Doosan Bears,2,6
OdbYXWTP,Cloudbet,1.55,1.63,1,+0.08,"Yesterday, 21 Apr",1,Lotte Giants,Doosan Bears,Doosan Bears,2,6
OdbYXWTP,GambleCity,1.56,1.6,1,+0.04,"Yesterday, 21 Apr",1,Lotte Giants,Doosan Bears,Doosan Bears,2,6
OdbYXWTP,Kobet,1.58,1.59,1,+0.01,"Yesterday, 21 Apr",1,Lotte Giants,Doosan Bears,Doosan Bears,2,6
OdbYXWTP,Melbet,1.54,1.63,1,+0.09,"Yesterday, 21 Apr",1,Lotte Giants,Doosan Bears,Doosan Bears,2,6
OdbYXWTP,Momobet,1.53,1.68,1,+0.15,"Yesterday, 21 Apr",1,Lotte Giants,Doosan Bears,Doosan Bears,2,6
OdbYXWTP,Roobet,1.52,1.61,1,+0.09,"Yesterday, 21 Apr",1,Lotte Giants,Doosan Bears,Doosan Bears,2,6
OdbYXWTP,Stake.com,1.58,1.65,1,+0.07,"Yesterday, 21 Apr",1,Lotte Giants,Doosan Bears,Doosan Bears,2,6
OdbYXWTP,VOBET,1.53,1.64,1,+0.11,"Yesterday, 21 Apr",1,Lotte Giants,Doosan Bears,Doosan Bears,2,6
OdbYXWTP,bwin,1.57,1.65,1,+0.08,"Yesterday, 21 Apr",1,Lotte Giants,Doosan Bears,Doosan Bears,2,6
dj6nATyJ,1xBet,1.68,1.6,0,-0.08,"Yesterday, 21 Apr",2,LG Twins,Hanwha Eagles,LG Twins,6,5
dj6nATyJ,22Bet,1.64,1.56,0,-0.08,"Yesterday, 21 Apr",2,LG Twins,Hanwha Eagles,LG Twins,6,5
dj6nATyJ,Alphabet,1.62,1.61,0,-0.01,"Yesterday, 21 Apr",2,LG Twins,Hanwha Eagles,LG Twins,6,5
dj6nATyJ,BetInAsia,1.63,1.56,0,-0.07,"Yesterday, 21 Apr",2,LG Twins,Hanwha Eagles,LG Twins,6,5
dj6nATyJ,Bets.io,1.57,1.55,0,-0.02,"Yesterday, 21 Apr",2,LG Twins,Hanwha Eagles,LG Twins,6,5
dj6nATyJ,Cloudbet,1.59,1.54,0,-0.05,"Yesterday, 21 Apr",2,LG Twins,Hanwha Eagles,LG Twins,6,5
dj6nATyJ,GambleCity,1.59,1.57,0,-0.02,"Yesterday, 21 Apr",2,LG Twins,Hanwha Eagles,LG Twins,6,5
dj6nATyJ,Kobet,1.6,1.54,0,-0.06,"Yesterday, 21 Apr",2,LG Twins,Hanwha Eagles,LG Twins,6,5
dj6nATyJ,Melbet,1.64,1.56,0,-0.08,"Yesterday, 21 Apr",2,LG Twins,Hanwha Eagles,LG Twins,6,5
dj6nATyJ,Momobet,1.62,1.63,1,+0.01,"Yesterday, 21 Apr",2,LG Twins,Hanwha Eagles,LG Twins,6,5
dj6nATyJ,Roobet,1.6,1.54,0,-0.06,"Yesterday, 21 Apr",2,LG Twins,Hanwha Eagles,LG Twins,6,5
dj6nATyJ,Stake.com,1.63,1.55,0,-0.08,"Yesterday, 21 Apr",2,LG Twins,Hanwha Eagles,LG Twins,6,5
dj6nATyJ,VOBET,1.62,1.61,0,-0.01,"Yesterday, 21 Apr",2,LG Twins,Hanwha Eagles,LG Twins,6,5
GfwDQlMa,10x10bet,1.73,1.62,0,-0.11,"Yesterday, 21 Apr",3,KT Wiz Suwon,KIA Tigers,KT Wiz Suwon,6,5
GfwDQlMa,1xBet,1.8,1.66,0,-0.14,"Yesterday, 21 Apr",3,KT Wiz Suwon,KIA Tigers,KT Wiz Suwon,6,5
GfwDQlMa,22Bet,1.75,1.62,0,-0.13,"Yesterday, 21 Apr",3,KT Wiz Suwon,KIA Tigers,KT Wiz Suwon,6,5
GfwDQlMa,Alphabet,1.73,1.62,0,-0.11,"Yesterday, 21 Apr",3,KT Wiz Suwon,KIA Tigers,KT Wiz Suwon,6,5
GfwDQlMa,BetInAsia,1.74,1.61,0,-0.13,"Yesterday, 21 Apr",3,KT Wiz Suwon,KIA Tigers,KT Wiz Suwon,6,5
GfwDQlMa,Bets.io,1.65,1.57,0,-0.08,"Yesterday, 21 Apr",3,KT Wiz Suwon,KIA Tigers,KT Wiz Suwon,6,5
GfwDQlMa,Cloudbet,1.68,1.59,0,-0.09,"Yesterday, 21 Apr",3,KT Wiz Suwon,KIA Tigers,KT Wiz Suwon,6,5
GfwDQlMa,GambleCity,1.68,1.58,0,-0.10,"Yesterday, 21 Apr",3,KT Wiz Suwon,KIA Tigers,KT Wiz Suwon,6,5
GfwDQlMa,Kobet,1.7,1.62,0,-0.08,"Yesterday, 21 Apr",3,KT Wiz Suwon,KIA Tigers,KT Wiz Suwon,6,5
GfwDQlMa,Melbet,1.75,1.62,0,-0.13,"Yesterday, 21 Apr",3,KT Wiz Suwon,KIA Tigers,KT Wiz Suwon,6,5
GfwDQlMa,Momobet,1.73,1.66,0,-0.07,"Yesterday, 21 Apr",3,KT Wiz Suwon,KIA Tigers,KT Wiz Suwon,6,5
GfwDQlMa,Roobet,1.79,1.63,0,-0.16,"Yesterday, 21 Apr",3,KT Wiz Suwon,KIA Tigers,KT Wiz Suwon,6,5
GfwDQlMa,Stake.com,1.7,1.6,0,-0.10,"Yesterday, 21 Apr",3,KT Wiz Suwon,KIA Tigers,KT Wiz Suwon,6,5
GfwDQlMa,VOBET,1.73,1.62,0,-0.11,"Yesterday, 21 Apr",3,KT Wiz Suwon,KIA Tigers,KT Wiz Suwon,6,5
M78DOSjC,10x10bet,2.43,3.15,1,+0.72,"Yesterday, 21 Apr",4,Kiwoom Heroes,NC Dinos,Kiwoom Heroes,2,1
M78DOSjC,1xBet,2.48,3.29,1,+0.81,"Yesterday, 21 Apr",4,Kiwoom Heroes,NC Dinos,Kiwoom Heroes,2,1
M78DOSjC,22Bet,2.42,3.2,1,+0.78,"Yesterday, 21 Apr",4,Kiwoom Heroes,NC Dinos,Kiwoom Heroes,2,1
M78DOSjC,Alphabet,2.28,2.95,1,+0.67,"Yesterday, 21 Apr",4,Kiwoom Heroes,NC Dinos,Kiwoom Heroes,2,1
M78DOSjC,BetInAsia,2.51,3.24,1,+0.73,"Yesterday, 21 Apr",4,Kiwoom Heroes,NC Dinos,Kiwoom Heroes,2,1
M78DOSjC,Bets.io,2.28,2.95,1,+0.67,"Yesterday, 21 Apr",4,Kiwoom Heroes,NC Dinos,Kiwoom Heroes,2,1
M78DOSjC,Cloudbet,2.46,3.21,1,+0.75,"Yesterday, 21 Apr",4,Kiwoom Heroes,NC Dinos,Kiwoom Heroes,2,1
M78DOSjC,GambleCity,2.28,3.1,1,+0.82,"Yesterday, 21 Apr",4,Kiwoom Heroes,NC Dinos,Kiwoom Heroes,2,1
M78DOSjC,Kobet,2.47,3.25,1,+0.78,"Yesterday, 21 Apr",4,Kiwoom Heroes,NC Dinos,Kiwoom Heroes,2,1
M78DOSjC,Melbet,2.47,3.2,1,+0.73,"Yesterday, 21 Apr",4,Kiwoom Heroes,NC Dinos,Kiwoom Heroes,2,1
M78DOSjC,Momobet,2.43,3.07,1,+0.64,"Yesterday, 21 Apr",4,Kiwoom Heroes,NC Dinos,Kiwoom Heroes,2,1
M78DOSjC,Roobet,2.42,3.0,1,+0.58,"Yesterday, 21 Apr",4,Kiwoom Heroes,NC Dinos,Kiwoom Heroes,2,1
M78DOSjC,Stake.com,2.55,3.15,1,+0.60,"Yesterday, 21 Apr",4,Kiwoom Heroes,NC Dinos,Kiwoom Heroes,2,1
M78DOSjC,VOBET,2.42,2.95,1,+0.53,"Yesterday, 21 Apr",4,Kiwoom Heroes,NC Dinos,Kiwoom Heroes,2,1
M78DOSjC,bwin,2.55,2.75,1,+0.20,"Yesterday, 21 Apr",4,Kiwoom Heroes,NC Dinos,Kiwoom Heroes,2,1
rsu5SAim,10x10bet,1.98,1.97,0,-0.01,"Yesterday, 21 Apr",5,Samsung Lions,SSG Landers,SSG Landers,4,5
rsu5SAim,1xBet,2.0,1.94,0,-0.06,"Yesterday, 21 Apr",5,Samsung Lions,SSG Landers,SSG Landers,4,5
rsu5SAim,22Bet,1.95,1.9,0,-0.05,"Yesterday, 21 Apr",5,Samsung Lions,SSG Landers,SSG Landers,4,5
rsu5SAim,Alphabet,1.98,1.97,0,-0.01,"Yesterday, 21 Apr",5,Samsung Lions,SSG Landers,SSG Landers,4,5
rsu5SAim,BetInAsia,1.99,1.83,0,-0.16,"Yesterday, 21 Apr",5,Samsung Lions,SSG Landers,SSG Landers,4,5
rsu5SAim,Bets.io,1.89,1.85,0,-0.04,"Yesterday, 21 Apr",5,Samsung Lions,SSG Landers,SSG Landers,4,5
rsu5SAim,Cloudbet,1.92,1.81,0,-0.11,"Yesterday, 21 Apr",5,Samsung Lions,SSG Landers,SSG Landers,4,5
rsu5SAim,GambleCity,1.92,1.91,0,-0.01,"Yesterday, 21 Apr",5,Samsung Lions,SSG Landers,SSG Landers,4,5
rsu5SAim,Kobet,1.92,1.86,0,-0.06,"Yesterday, 21 Apr",5,Samsung Lions,SSG Landers,SSG Landers,4,5
rsu5SAim,Momobet,1.98,2.05,1,+0.07,"Yesterday, 21 Apr",5,Samsung Lions,SSG Landers,SSG Landers,4,5
rsu5SAim,Roobet,1.94,1.88,0,-0.06,"Yesterday, 21 Apr",5,Samsung Lions,SSG Landers,SSG Landers,4,5
rsu5SAim,Stake.com,1.97,2.0,1,+0.03,"Yesterday, 21 Apr",5,Samsung Lions,SSG Landers,SSG Landers,4,5
rsu5SAim,VOBET,1.98,1.97,0,-0.01,"Yesterday, 21 Apr",5,Samsung Lions,SSG Landers,SSG Landers,4,5
rsu5SAim,bwin,1.98,1.97,0,-0.01,"Yesterday, 21 Apr",5,Samsung Lions,SSG Landers,SSG Landers,4,5
